-- Rekber Bang Production Seed Data

-- USERS
INSERT INTO public.users (id, telegram_id, username, first_name, is_admin, trust_score) VALUES ('00000000-0000-0000-0000-000000000001', 1638657267, 'admin_rekber_utama', 'Admin Utama', true, 100) ON CONFLICT DO NOTHING;
INSERT INTO public.users (id, telegram_id, username, first_name, is_admin, trust_score) VALUES ('c344d611-d40d-421c-bc60-39160693ab78', 100000001, 'user_1_bot', 'Buyer/Seller 1', false, 99) ON CONFLICT DO NOTHING;
INSERT INTO public.users (id, telegram_id, username, first_name, is_admin, trust_score) VALUES ('51afc78d-1770-4c8e-9c13-c2885e998348', 100000002, 'user_2_bot', 'Buyer/Seller 2', false, 95) ON CONFLICT DO NOTHING;
INSERT INTO public.users (id, telegram_id, username, first_name, is_admin, trust_score) VALUES ('fa661a5c-9a30-48f5-8283-f877d71a7e81', 100000003, 'user_3_bot', 'Buyer/Seller 3', false, 96) ON CONFLICT DO NOTHING;
INSERT INTO public.users (id, telegram_id, username, first_name, is_admin, trust_score) VALUES ('0c45e5c7-af97-4e61-b988-a047a6b8f435', 100000004, 'user_4_bot', 'Buyer/Seller 4', false, 94) ON CONFLICT DO NOTHING;
INSERT INTO public.users (id, telegram_id, username, first_name, is_admin, trust_score) VALUES ('562985ec-dee9-4b64-a5f7-728eab7038f9', 100000005, 'user_5_bot', 'Buyer/Seller 5', false, 87) ON CONFLICT DO NOTHING;
INSERT INTO public.users (id, telegram_id, username, first_name, is_admin, trust_score) VALUES ('b4a8a850-5260-4900-89d1-53ab91286d50', 100000006, 'user_6_bot', 'Buyer/Seller 6', false, 99) ON CONFLICT DO NOTHING;
INSERT INTO public.users (id, telegram_id, username, first_name, is_admin, trust_score) VALUES ('29939dc5-12c9-4d27-997c-37b928315bae', 100000007, 'user_7_bot', 'Buyer/Seller 7', false, 83) ON CONFLICT DO NOTHING;
INSERT INTO public.users (id, telegram_id, username, first_name, is_admin, trust_score) VALUES ('906b1335-a803-4c8e-9bce-56399b8b03b9', 100000008, 'user_8_bot', 'Buyer/Seller 8', false, 80) ON CONFLICT DO NOTHING;
INSERT INTO public.users (id, telegram_id, username, first_name, is_admin, trust_score) VALUES ('803e31ef-1815-43cd-95f1-fcae2c075643', 100000009, 'user_9_bot', 'Buyer/Seller 9', false, 89) ON CONFLICT DO NOTHING;
INSERT INTO public.users (id, telegram_id, username, first_name, is_admin, trust_score) VALUES ('a2fe8e86-8779-485b-a000-1d378f6d1c76', 100000010, 'user_10_bot', 'Buyer/Seller 10', false, 94) ON CONFLICT DO NOTHING;
INSERT INTO public.users (id, telegram_id, username, first_name, is_admin, trust_score) VALUES ('a7441767-be80-4345-b558-322c91085c36', 100000011, 'user_11_bot', 'Buyer/Seller 11', false, 87) ON CONFLICT DO NOTHING;
INSERT INTO public.users (id, telegram_id, username, first_name, is_admin, trust_score) VALUES ('ce818fe7-14dd-46d1-947b-6ddf45d33da6', 100000012, 'user_12_bot', 'Buyer/Seller 12', false, 86) ON CONFLICT DO NOTHING;
INSERT INTO public.users (id, telegram_id, username, first_name, is_admin, trust_score) VALUES ('10babf16-b20e-4299-acb4-d8795f371980', 100000013, 'user_13_bot', 'Buyer/Seller 13', false, 100) ON CONFLICT DO NOTHING;
INSERT INTO public.users (id, telegram_id, username, first_name, is_admin, trust_score) VALUES ('e7b37fe1-0561-4a94-8312-46c558516af0', 100000014, 'user_14_bot', 'Buyer/Seller 14', false, 85) ON CONFLICT DO NOTHING;
INSERT INTO public.users (id, telegram_id, username, first_name, is_admin, trust_score) VALUES ('152d3037-fd80-410f-aefd-630ca4523ed5', 100000015, 'user_15_bot', 'Buyer/Seller 15', false, 100) ON CONFLICT DO NOTHING;
INSERT INTO public.users (id, telegram_id, username, first_name, is_admin, trust_score) VALUES ('4bb27f68-2975-4578-bc18-ca167df59b3a', 100000016, 'user_16_bot', 'Buyer/Seller 16', false, 92) ON CONFLICT DO NOTHING;
INSERT INTO public.users (id, telegram_id, username, first_name, is_admin, trust_score) VALUES ('cde47143-fe35-4043-95ed-3e482851675b', 100000017, 'user_17_bot', 'Buyer/Seller 17', false, 97) ON CONFLICT DO NOTHING;
INSERT INTO public.users (id, telegram_id, username, first_name, is_admin, trust_score) VALUES ('ba761db4-149b-4116-960d-493b0ba777f7', 100000018, 'user_18_bot', 'Buyer/Seller 18', false, 86) ON CONFLICT DO NOTHING;
INSERT INTO public.users (id, telegram_id, username, first_name, is_admin, trust_score) VALUES ('584b0a9c-cf2b-4425-8fb4-c399524f488b', 100000019, 'user_19_bot', 'Buyer/Seller 19', false, 90) ON CONFLICT DO NOTHING;

-- TRANSACTIONS
INSERT INTO public.transactions (id, buyer_id, seller_id, title, description, amount, fee, status) VALUES ('fbfc1e95-5c18-4b19-9acf-75820864a822', '152d3037-fd80-410f-aefd-630ca4523ed5', '906b1335-a803-4c8e-9bce-56399b8b03b9', 'Jasa Joki - Transaksi #1', 'Pembelian aman via Rekber Bang', 1050000, 52500, 'REFUNDED') ON CONFLICT DO NOTHING;
INSERT INTO public.transactions (id, buyer_id, seller_id, title, description, amount, fee, status) VALUES ('fb7a2e69-fc8d-4a8c-9619-acb60aaf50c4', '562985ec-dee9-4b64-a5f7-728eab7038f9', '906b1335-a803-4c8e-9bce-56399b8b03b9', 'Voucher - Transaksi #2', 'Pembelian aman via Rekber Bang', 1050000, 52500, 'FUNDED') ON CONFLICT DO NOTHING;
INSERT INTO public.transactions (id, buyer_id, seller_id, title, description, amount, fee, status) VALUES ('25e3e37f-977c-45da-beb5-a75d49ccd6b8', '51afc78d-1770-4c8e-9c13-c2885e998348', 'a7441767-be80-4345-b558-322c91085c36', 'Akun Game - Transaksi #3', 'Pembelian aman via Rekber Bang', 1350000, 67500, 'FUNDED') ON CONFLICT DO NOTHING;
INSERT INTO public.transactions (id, buyer_id, seller_id, title, description, amount, fee, status) VALUES ('605d2861-d894-4b48-8cf5-82440978e859', 'c344d611-d40d-421c-bc60-39160693ab78', '152d3037-fd80-410f-aefd-630ca4523ed5', 'Pulsa 100k - Transaksi #4', 'Pembelian aman via Rekber Bang', 1050000, 52500, 'DELIVERING') ON CONFLICT DO NOTHING;
INSERT INTO public.transactions (id, buyer_id, seller_id, title, description, amount, fee, status) VALUES ('3f383da9-763b-47db-a020-2a4171da6bb7', 'b4a8a850-5260-4900-89d1-53ab91286d50', '4bb27f68-2975-4578-bc18-ca167df59b3a', 'Source Code - Transaksi #5', 'Pembelian aman via Rekber Bang', 2300000, 115000, 'RELEASED') ON CONFLICT DO NOTHING;
INSERT INTO public.transactions (id, buyer_id, seller_id, title, description, amount, fee, status) VALUES ('d86b739e-2155-44a8-933c-f3c40f9f18ca', '152d3037-fd80-410f-aefd-630ca4523ed5', '10babf16-b20e-4299-acb4-d8795f371980', 'Jasa Desain - Transaksi #6', 'Pembelian aman via Rekber Bang', 2350000, 117500, 'FUNDED') ON CONFLICT DO NOTHING;
INSERT INTO public.transactions (id, buyer_id, seller_id, title, description, amount, fee, status) VALUES ('031a225b-63c0-45e5-bc97-03cc511fc114', '51afc78d-1770-4c8e-9c13-c2885e998348', 'c344d611-d40d-421c-bc60-39160693ab78', 'Pulsa 100k - Transaksi #7', 'Pembelian aman via Rekber Bang', 200000, 10000, 'DISPUTED') ON CONFLICT DO NOTHING;
INSERT INTO public.transactions (id, buyer_id, seller_id, title, description, amount, fee, status) VALUES ('559f9390-2c3c-48aa-940a-110821ea4c23', 'a2fe8e86-8779-485b-a000-1d378f6d1c76', 'b4a8a850-5260-4900-89d1-53ab91286d50', 'Source Code - Transaksi #8', 'Pembelian aman via Rekber Bang', 2100000, 105000, 'RELEASED') ON CONFLICT DO NOTHING;
INSERT INTO public.transactions (id, buyer_id, seller_id, title, description, amount, fee, status) VALUES ('de56115e-ae3c-4f35-a62e-f32dd10fcfae', 'a7441767-be80-4345-b558-322c91085c36', '584b0a9c-cf2b-4425-8fb4-c399524f488b', 'Followers IG - Transaksi #9', 'Pembelian aman via Rekber Bang', 1100000, 55000, 'FUNDED') ON CONFLICT DO NOTHING;
INSERT INTO public.transactions (id, buyer_id, seller_id, title, description, amount, fee, status) VALUES ('7a15c7e5-74e7-40cb-95d7-9c01ad2ef961', '906b1335-a803-4c8e-9bce-56399b8b03b9', '152d3037-fd80-410f-aefd-630ca4523ed5', 'Voucher - Transaksi #10', 'Pembelian aman via Rekber Bang', 300000, 15000, 'DISPUTED') ON CONFLICT DO NOTHING;
INSERT INTO public.transactions (id, buyer_id, seller_id, title, description, amount, fee, status) VALUES ('244a98b3-40e1-4a0d-8f83-0edc3ffe4a97', '152d3037-fd80-410f-aefd-630ca4523ed5', 'cde47143-fe35-4043-95ed-3e482851675b', 'Followers IG - Transaksi #11', 'Pembelian aman via Rekber Bang', 600000, 30000, 'CANCELLED') ON CONFLICT DO NOTHING;
INSERT INTO public.transactions (id, buyer_id, seller_id, title, description, amount, fee, status) VALUES ('a89d74c8-e659-4546-8f11-635838001048', '803e31ef-1815-43cd-95f1-fcae2c075643', '4bb27f68-2975-4578-bc18-ca167df59b3a', 'Akun Game - Transaksi #12', 'Pembelian aman via Rekber Bang', 2300000, 115000, 'DELIVERED') ON CONFLICT DO NOTHING;
INSERT INTO public.transactions (id, buyer_id, seller_id, title, description, amount, fee, status) VALUES ('baebd150-7807-4b52-b780-66a135b0c284', 'a7441767-be80-4345-b558-322c91085c36', 'ba761db4-149b-4116-960d-493b0ba777f7', 'Followers IG - Transaksi #13', 'Pembelian aman via Rekber Bang', 2300000, 115000, 'PAYMENT_UNDER_REVIEW') ON CONFLICT DO NOTHING;
INSERT INTO public.transactions (id, buyer_id, seller_id, title, description, amount, fee, status) VALUES ('afa8c4da-9e86-4b26-b0b4-7700400dc6be', '4bb27f68-2975-4578-bc18-ca167df59b3a', '803e31ef-1815-43cd-95f1-fcae2c075643', 'Jasa Desain - Transaksi #14', 'Pembelian aman via Rekber Bang', 1000000, 50000, 'DISPUTED') ON CONFLICT DO NOTHING;
INSERT INTO public.transactions (id, buyer_id, seller_id, title, description, amount, fee, status) VALUES ('06b2ba22-f629-408d-a99b-734c2f9e185f', '4bb27f68-2975-4578-bc18-ca167df59b3a', 'a2fe8e86-8779-485b-a000-1d378f6d1c76', 'Pulsa 100k - Transaksi #15', 'Pembelian aman via Rekber Bang', 1000000, 50000, 'RELEASED') ON CONFLICT DO NOTHING;
INSERT INTO public.transactions (id, buyer_id, seller_id, title, description, amount, fee, status) VALUES ('1a940fd6-774d-4a1e-815b-9089022e8dd8', 'c344d611-d40d-421c-bc60-39160693ab78', 'a2fe8e86-8779-485b-a000-1d378f6d1c76', 'Jasa Desain - Transaksi #16', 'Pembelian aman via Rekber Bang', 1150000, 57500, 'DELIVERED') ON CONFLICT DO NOTHING;
INSERT INTO public.transactions (id, buyer_id, seller_id, title, description, amount, fee, status) VALUES ('9f729081-13d7-423f-bf20-522d29f93560', 'fa661a5c-9a30-48f5-8283-f877d71a7e81', 'e7b37fe1-0561-4a94-8312-46c558516af0', 'Pulsa 100k - Transaksi #17', 'Pembelian aman via Rekber Bang', 750000, 37500, 'CANCELLED') ON CONFLICT DO NOTHING;
INSERT INTO public.transactions (id, buyer_id, seller_id, title, description, amount, fee, status) VALUES ('56bb3564-3884-4128-a195-9638f0008b05', '29939dc5-12c9-4d27-997c-37b928315bae', 'b4a8a850-5260-4900-89d1-53ab91286d50', 'Jasa Joki - Transaksi #18', 'Pembelian aman via Rekber Bang', 1750000, 87500, 'DELIVERING') ON CONFLICT DO NOTHING;
INSERT INTO public.transactions (id, buyer_id, seller_id, title, description, amount, fee, status) VALUES ('fe133988-5929-4516-a036-cdca325a96a2', '562985ec-dee9-4b64-a5f7-728eab7038f9', '10babf16-b20e-4299-acb4-d8795f371980', 'Jasa Desain - Transaksi #19', 'Pembelian aman via Rekber Bang', 700000, 35000, 'FUNDED') ON CONFLICT DO NOTHING;
INSERT INTO public.transactions (id, buyer_id, seller_id, title, description, amount, fee, status) VALUES ('940f685b-ff00-49af-92d5-695bd170d7aa', '906b1335-a803-4c8e-9bce-56399b8b03b9', '51afc78d-1770-4c8e-9c13-c2885e998348', 'Jasa Joki - Transaksi #20', 'Pembelian aman via Rekber Bang', 1750000, 87500, 'RELEASED') ON CONFLICT DO NOTHING;
INSERT INTO public.transactions (id, buyer_id, seller_id, title, description, amount, fee, status) VALUES ('9c5933bf-80f3-42c7-9851-0186fccd1da0', 'a7441767-be80-4345-b558-322c91085c36', '0c45e5c7-af97-4e61-b988-a047a6b8f435', 'Pulsa 100k - Transaksi #21', 'Pembelian aman via Rekber Bang', 2350000, 117500, 'CANCELLED') ON CONFLICT DO NOTHING;
INSERT INTO public.transactions (id, buyer_id, seller_id, title, description, amount, fee, status) VALUES ('9910bfcc-2cf5-46e4-8fd1-02086481a5c8', '803e31ef-1815-43cd-95f1-fcae2c075643', 'ce818fe7-14dd-46d1-947b-6ddf45d33da6', 'Akun Game - Transaksi #22', 'Pembelian aman via Rekber Bang', 1650000, 82500, 'DISPUTED') ON CONFLICT DO NOTHING;
INSERT INTO public.transactions (id, buyer_id, seller_id, title, description, amount, fee, status) VALUES ('ab5559e6-a6d9-413e-bf98-0429696ededc', '29939dc5-12c9-4d27-997c-37b928315bae', '584b0a9c-cf2b-4425-8fb4-c399524f488b', 'Followers IG - Transaksi #23', 'Pembelian aman via Rekber Bang', 1500000, 75000, 'RELEASED') ON CONFLICT DO NOTHING;
INSERT INTO public.transactions (id, buyer_id, seller_id, title, description, amount, fee, status) VALUES ('8fde31c0-6fff-4e16-a758-3e1c42660882', 'ce818fe7-14dd-46d1-947b-6ddf45d33da6', 'e7b37fe1-0561-4a94-8312-46c558516af0', 'Akun Game - Transaksi #24', 'Pembelian aman via Rekber Bang', 200000, 10000, 'PAYMENT_UNDER_REVIEW') ON CONFLICT DO NOTHING;
INSERT INTO public.transactions (id, buyer_id, seller_id, title, description, amount, fee, status) VALUES ('b1c4ed57-b104-4648-8e66-beff60e6d474', NULL, 'cde47143-fe35-4043-95ed-3e482851675b', 'Jasa Desain - Transaksi #25', 'Pembelian aman via Rekber Bang', 550000, 27500, 'CREATED') ON CONFLICT DO NOTHING;
INSERT INTO public.transactions (id, buyer_id, seller_id, title, description, amount, fee, status) VALUES ('902bd01b-4f8b-4c2f-b605-51d30dafaaf4', '152d3037-fd80-410f-aefd-630ca4523ed5', 'b4a8a850-5260-4900-89d1-53ab91286d50', 'Source Code - Transaksi #26', 'Pembelian aman via Rekber Bang', 1500000, 75000, 'WAITING_PAYMENT') ON CONFLICT DO NOTHING;
INSERT INTO public.transactions (id, buyer_id, seller_id, title, description, amount, fee, status) VALUES ('3d376217-78fc-43d2-98f9-59780cb6419e', '152d3037-fd80-410f-aefd-630ca4523ed5', '4bb27f68-2975-4578-bc18-ca167df59b3a', 'Pulsa 100k - Transaksi #27', 'Pembelian aman via Rekber Bang', 750000, 37500, 'DELIVERING') ON CONFLICT DO NOTHING;
INSERT INTO public.transactions (id, buyer_id, seller_id, title, description, amount, fee, status) VALUES ('cb9de480-a5b3-4482-9554-71695e8bebb5', 'fa661a5c-9a30-48f5-8283-f877d71a7e81', 'c344d611-d40d-421c-bc60-39160693ab78', 'Source Code - Transaksi #28', 'Pembelian aman via Rekber Bang', 1250000, 62500, 'REFUNDED') ON CONFLICT DO NOTHING;
INSERT INTO public.transactions (id, buyer_id, seller_id, title, description, amount, fee, status) VALUES ('6b9b394c-5bb6-48b7-96f0-ba0ca11a7224', 'ce818fe7-14dd-46d1-947b-6ddf45d33da6', 'cde47143-fe35-4043-95ed-3e482851675b', 'Jasa Joki - Transaksi #29', 'Pembelian aman via Rekber Bang', 2400000, 120000, 'CANCELLED') ON CONFLICT DO NOTHING;
INSERT INTO public.transactions (id, buyer_id, seller_id, title, description, amount, fee, status) VALUES ('29c099db-5a83-49cd-b3d0-1b0c58a1796a', '152d3037-fd80-410f-aefd-630ca4523ed5', 'ce818fe7-14dd-46d1-947b-6ddf45d33da6', 'Pulsa 100k - Transaksi #30', 'Pembelian aman via Rekber Bang', 200000, 10000, 'WAITING_PAYMENT') ON CONFLICT DO NOTHING;
INSERT INTO public.transactions (id, buyer_id, seller_id, title, description, amount, fee, status) VALUES ('748b2321-e554-45ef-bb40-35192cf2c11f', 'ce818fe7-14dd-46d1-947b-6ddf45d33da6', '0c45e5c7-af97-4e61-b988-a047a6b8f435', 'Voucher - Transaksi #31', 'Pembelian aman via Rekber Bang', 2150000, 107500, 'REFUNDED') ON CONFLICT DO NOTHING;
INSERT INTO public.transactions (id, buyer_id, seller_id, title, description, amount, fee, status) VALUES ('7de90756-a260-4bd8-8a65-8fc09da5b839', '906b1335-a803-4c8e-9bce-56399b8b03b9', '584b0a9c-cf2b-4425-8fb4-c399524f488b', 'Voucher - Transaksi #32', 'Pembelian aman via Rekber Bang', 2000000, 100000, 'DELIVERING') ON CONFLICT DO NOTHING;
INSERT INTO public.transactions (id, buyer_id, seller_id, title, description, amount, fee, status) VALUES ('82f2183c-0550-441c-a0b9-2f01701bf223', '0c45e5c7-af97-4e61-b988-a047a6b8f435', 'a2fe8e86-8779-485b-a000-1d378f6d1c76', 'Akun Game - Transaksi #33', 'Pembelian aman via Rekber Bang', 1900000, 95000, 'FUNDED') ON CONFLICT DO NOTHING;
INSERT INTO public.transactions (id, buyer_id, seller_id, title, description, amount, fee, status) VALUES ('9bd5e7dd-a38b-4674-bdc5-308e30b1ab09', '584b0a9c-cf2b-4425-8fb4-c399524f488b', '4bb27f68-2975-4578-bc18-ca167df59b3a', 'Jasa Desain - Transaksi #34', 'Pembelian aman via Rekber Bang', 2150000, 107500, 'PAYMENT_UNDER_REVIEW') ON CONFLICT DO NOTHING;
INSERT INTO public.transactions (id, buyer_id, seller_id, title, description, amount, fee, status) VALUES ('99b68eef-df9f-4628-a5ce-72ff43fdb15d', '51afc78d-1770-4c8e-9c13-c2885e998348', 'e7b37fe1-0561-4a94-8312-46c558516af0', 'Jasa Joki - Transaksi #35', 'Pembelian aman via Rekber Bang', 50000, 2500, 'RELEASED') ON CONFLICT DO NOTHING;
INSERT INTO public.transactions (id, buyer_id, seller_id, title, description, amount, fee, status) VALUES ('70ee6edf-8e99-477c-8f69-d0f91534cdca', '562985ec-dee9-4b64-a5f7-728eab7038f9', '906b1335-a803-4c8e-9bce-56399b8b03b9', 'Akun Game - Transaksi #36', 'Pembelian aman via Rekber Bang', 500000, 25000, 'WAITING_PAYMENT') ON CONFLICT DO NOTHING;
INSERT INTO public.transactions (id, buyer_id, seller_id, title, description, amount, fee, status) VALUES ('2a96c0cc-0cd2-4fb5-b0ad-a229663a802a', 'c344d611-d40d-421c-bc60-39160693ab78', 'a7441767-be80-4345-b558-322c91085c36', 'Followers IG - Transaksi #37', 'Pembelian aman via Rekber Bang', 900000, 45000, 'CREATED') ON CONFLICT DO NOTHING;
INSERT INTO public.transactions (id, buyer_id, seller_id, title, description, amount, fee, status) VALUES ('a7bbda23-9e67-4f0c-890d-44aa86b83084', '152d3037-fd80-410f-aefd-630ca4523ed5', '562985ec-dee9-4b64-a5f7-728eab7038f9', 'Source Code - Transaksi #38', 'Pembelian aman via Rekber Bang', 1000000, 50000, 'DISPUTED') ON CONFLICT DO NOTHING;
INSERT INTO public.transactions (id, buyer_id, seller_id, title, description, amount, fee, status) VALUES ('03efff31-c59f-4c05-9d78-2a7c7cbf6d2c', '0c45e5c7-af97-4e61-b988-a047a6b8f435', 'e7b37fe1-0561-4a94-8312-46c558516af0', 'Akun Game - Transaksi #39', 'Pembelian aman via Rekber Bang', 1100000, 55000, 'REFUNDED') ON CONFLICT DO NOTHING;
INSERT INTO public.transactions (id, buyer_id, seller_id, title, description, amount, fee, status) VALUES ('fc31498e-e4ed-46d0-8396-68a033bfde15', '906b1335-a803-4c8e-9bce-56399b8b03b9', 'c344d611-d40d-421c-bc60-39160693ab78', 'Akun Game - Transaksi #40', 'Pembelian aman via Rekber Bang', 2350000, 117500, 'REFUNDED') ON CONFLICT DO NOTHING;
INSERT INTO public.transactions (id, buyer_id, seller_id, title, description, amount, fee, status) VALUES ('901c326a-7984-45bd-9357-63ad7777be81', '906b1335-a803-4c8e-9bce-56399b8b03b9', '0c45e5c7-af97-4e61-b988-a047a6b8f435', 'Voucher - Transaksi #41', 'Pembelian aman via Rekber Bang', 2450000, 122500, 'CANCELLED') ON CONFLICT DO NOTHING;
INSERT INTO public.transactions (id, buyer_id, seller_id, title, description, amount, fee, status) VALUES ('11ddc77b-fedf-4d7a-9775-540c62dcd689', '0c45e5c7-af97-4e61-b988-a047a6b8f435', 'a7441767-be80-4345-b558-322c91085c36', 'Pulsa 100k - Transaksi #42', 'Pembelian aman via Rekber Bang', 2100000, 105000, 'DELIVERED') ON CONFLICT DO NOTHING;
INSERT INTO public.transactions (id, buyer_id, seller_id, title, description, amount, fee, status) VALUES ('8b1eb7c6-a514-4e06-af24-1097f7be21e4', 'a7441767-be80-4345-b558-322c91085c36', '562985ec-dee9-4b64-a5f7-728eab7038f9', 'Voucher - Transaksi #43', 'Pembelian aman via Rekber Bang', 400000, 20000, 'FUNDED') ON CONFLICT DO NOTHING;
INSERT INTO public.transactions (id, buyer_id, seller_id, title, description, amount, fee, status) VALUES ('63232660-376d-4b5b-beff-9663b275ddb3', '29939dc5-12c9-4d27-997c-37b928315bae', '51afc78d-1770-4c8e-9c13-c2885e998348', 'Akun Game - Transaksi #44', 'Pembelian aman via Rekber Bang', 350000, 17500, 'RELEASED') ON CONFLICT DO NOTHING;
INSERT INTO public.transactions (id, buyer_id, seller_id, title, description, amount, fee, status) VALUES ('8a43472d-4602-469b-893d-8b9adc2f5860', '10babf16-b20e-4299-acb4-d8795f371980', 'e7b37fe1-0561-4a94-8312-46c558516af0', 'Voucher - Transaksi #45', 'Pembelian aman via Rekber Bang', 1650000, 82500, 'DISPUTED') ON CONFLICT DO NOTHING;
INSERT INTO public.transactions (id, buyer_id, seller_id, title, description, amount, fee, status) VALUES ('695bcb28-c2be-4020-bd5a-e8caf2cb3bf6', 'c344d611-d40d-421c-bc60-39160693ab78', '152d3037-fd80-410f-aefd-630ca4523ed5', 'Voucher - Transaksi #46', 'Pembelian aman via Rekber Bang', 1800000, 90000, 'DELIVERED') ON CONFLICT DO NOTHING;
INSERT INTO public.transactions (id, buyer_id, seller_id, title, description, amount, fee, status) VALUES ('2a37e96d-4c19-4473-8d51-70f908ec492a', '10babf16-b20e-4299-acb4-d8795f371980', 'b4a8a850-5260-4900-89d1-53ab91286d50', 'Akun Game - Transaksi #47', 'Pembelian aman via Rekber Bang', 2050000, 102500, 'DELIVERED') ON CONFLICT DO NOTHING;
INSERT INTO public.transactions (id, buyer_id, seller_id, title, description, amount, fee, status) VALUES ('327f3254-e32b-44ef-bd08-0c3728de4eb2', 'a2fe8e86-8779-485b-a000-1d378f6d1c76', 'e7b37fe1-0561-4a94-8312-46c558516af0', 'Pulsa 100k - Transaksi #48', 'Pembelian aman via Rekber Bang', 550000, 27500, 'DELIVERED') ON CONFLICT DO NOTHING;
INSERT INTO public.transactions (id, buyer_id, seller_id, title, description, amount, fee, status) VALUES ('a99dc739-45d3-4c6a-b43e-f2657401a7ce', '584b0a9c-cf2b-4425-8fb4-c399524f488b', 'ce818fe7-14dd-46d1-947b-6ddf45d33da6', 'Voucher - Transaksi #49', 'Pembelian aman via Rekber Bang', 1300000, 65000, 'DELIVERED') ON CONFLICT DO NOTHING;
INSERT INTO public.transactions (id, buyer_id, seller_id, title, description, amount, fee, status) VALUES ('d684d584-be0a-488f-b302-ef9ce2e08aef', 'b4a8a850-5260-4900-89d1-53ab91286d50', 'e7b37fe1-0561-4a94-8312-46c558516af0', 'Voucher - Transaksi #50', 'Pembelian aman via Rekber Bang', 650000, 32500, 'CANCELLED') ON CONFLICT DO NOTHING;

-- EVIDENCES
INSERT INTO public.evidences (id, transaction_id, uploaded_by, file_url, purpose) VALUES ('74bca7fe-67f4-4b0d-a9ee-3200487d8fff', 'fbfc1e95-5c18-4b19-9acf-75820864a822', '152d3037-fd80-410f-aefd-630ca4523ed5', 'dummy/receipt_fbfc1e95-5c18-4b19-9acf-75820864a822.jpg', 'PAYMENT_PROOF') ON CONFLICT DO NOTHING;
INSERT INTO public.evidences (id, transaction_id, uploaded_by, file_url, purpose) VALUES ('aa531704-b243-4e16-af92-9705cebce895', 'fbfc1e95-5c18-4b19-9acf-75820864a822', '906b1335-a803-4c8e-9bce-56399b8b03b9', 'dummy/delivery_fbfc1e95-5c18-4b19-9acf-75820864a822.zip', 'DELIVERY_PROOF') ON CONFLICT DO NOTHING;
INSERT INTO public.evidences (id, transaction_id, uploaded_by, file_url, purpose) VALUES ('1db3b6d1-d519-4140-8c3c-95c56f160994', 'fbfc1e95-5c18-4b19-9acf-75820864a822', '152d3037-fd80-410f-aefd-630ca4523ed5', 'dummy/dispute_fbfc1e95-5c18-4b19-9acf-75820864a822.png', 'DISPUTE_EVIDENCE') ON CONFLICT DO NOTHING;
INSERT INTO public.evidences (id, transaction_id, uploaded_by, file_url, purpose) VALUES ('ba0697b3-9bac-4369-8105-65fbe53aea40', 'fb7a2e69-fc8d-4a8c-9619-acb60aaf50c4', '562985ec-dee9-4b64-a5f7-728eab7038f9', 'dummy/receipt_fb7a2e69-fc8d-4a8c-9619-acb60aaf50c4.jpg', 'PAYMENT_PROOF') ON CONFLICT DO NOTHING;
INSERT INTO public.evidences (id, transaction_id, uploaded_by, file_url, purpose) VALUES ('f7ecc214-5a12-4248-addf-7defc1fdd8af', '25e3e37f-977c-45da-beb5-a75d49ccd6b8', '51afc78d-1770-4c8e-9c13-c2885e998348', 'dummy/receipt_25e3e37f-977c-45da-beb5-a75d49ccd6b8.jpg', 'PAYMENT_PROOF') ON CONFLICT DO NOTHING;
INSERT INTO public.evidences (id, transaction_id, uploaded_by, file_url, purpose) VALUES ('6c0ef8ad-c426-4265-9741-a6d034ad9937', '605d2861-d894-4b48-8cf5-82440978e859', 'c344d611-d40d-421c-bc60-39160693ab78', 'dummy/receipt_605d2861-d894-4b48-8cf5-82440978e859.jpg', 'PAYMENT_PROOF') ON CONFLICT DO NOTHING;
INSERT INTO public.evidences (id, transaction_id, uploaded_by, file_url, purpose) VALUES ('76bde09a-6f7e-4aee-ade3-397916c4f6e8', '605d2861-d894-4b48-8cf5-82440978e859', '152d3037-fd80-410f-aefd-630ca4523ed5', 'dummy/delivery_605d2861-d894-4b48-8cf5-82440978e859.zip', 'DELIVERY_PROOF') ON CONFLICT DO NOTHING;
INSERT INTO public.evidences (id, transaction_id, uploaded_by, file_url, purpose) VALUES ('439c2cc9-d673-46a7-89be-e12e1351f8b8', '3f383da9-763b-47db-a020-2a4171da6bb7', 'b4a8a850-5260-4900-89d1-53ab91286d50', 'dummy/receipt_3f383da9-763b-47db-a020-2a4171da6bb7.jpg', 'PAYMENT_PROOF') ON CONFLICT DO NOTHING;
INSERT INTO public.evidences (id, transaction_id, uploaded_by, file_url, purpose) VALUES ('1dc562c0-4a14-41a9-8b1d-749997a79141', '3f383da9-763b-47db-a020-2a4171da6bb7', '4bb27f68-2975-4578-bc18-ca167df59b3a', 'dummy/delivery_3f383da9-763b-47db-a020-2a4171da6bb7.zip', 'DELIVERY_PROOF') ON CONFLICT DO NOTHING;
INSERT INTO public.evidences (id, transaction_id, uploaded_by, file_url, purpose) VALUES ('28aaff61-7111-4ed8-8078-9c7528cdb004', 'd86b739e-2155-44a8-933c-f3c40f9f18ca', '152d3037-fd80-410f-aefd-630ca4523ed5', 'dummy/receipt_d86b739e-2155-44a8-933c-f3c40f9f18ca.jpg', 'PAYMENT_PROOF') ON CONFLICT DO NOTHING;
INSERT INTO public.evidences (id, transaction_id, uploaded_by, file_url, purpose) VALUES ('d4e1e9ab-dfc7-4215-bd84-ae13f681d3b4', '031a225b-63c0-45e5-bc97-03cc511fc114', '51afc78d-1770-4c8e-9c13-c2885e998348', 'dummy/receipt_031a225b-63c0-45e5-bc97-03cc511fc114.jpg', 'PAYMENT_PROOF') ON CONFLICT DO NOTHING;
INSERT INTO public.evidences (id, transaction_id, uploaded_by, file_url, purpose) VALUES ('7b7ab56e-4353-4dce-979c-baf778449fdf', '031a225b-63c0-45e5-bc97-03cc511fc114', 'c344d611-d40d-421c-bc60-39160693ab78', 'dummy/delivery_031a225b-63c0-45e5-bc97-03cc511fc114.zip', 'DELIVERY_PROOF') ON CONFLICT DO NOTHING;
INSERT INTO public.evidences (id, transaction_id, uploaded_by, file_url, purpose) VALUES ('9a3a3e11-1639-460f-a8bc-e100cbd9de9a', '031a225b-63c0-45e5-bc97-03cc511fc114', '51afc78d-1770-4c8e-9c13-c2885e998348', 'dummy/dispute_031a225b-63c0-45e5-bc97-03cc511fc114.png', 'DISPUTE_EVIDENCE') ON CONFLICT DO NOTHING;
INSERT INTO public.evidences (id, transaction_id, uploaded_by, file_url, purpose) VALUES ('e9a8e60b-1a94-4555-883c-957cd7e67e3c', '559f9390-2c3c-48aa-940a-110821ea4c23', 'a2fe8e86-8779-485b-a000-1d378f6d1c76', 'dummy/receipt_559f9390-2c3c-48aa-940a-110821ea4c23.jpg', 'PAYMENT_PROOF') ON CONFLICT DO NOTHING;
INSERT INTO public.evidences (id, transaction_id, uploaded_by, file_url, purpose) VALUES ('ee537e08-f0cc-4ea2-9197-cc961fe11793', '559f9390-2c3c-48aa-940a-110821ea4c23', 'b4a8a850-5260-4900-89d1-53ab91286d50', 'dummy/delivery_559f9390-2c3c-48aa-940a-110821ea4c23.zip', 'DELIVERY_PROOF') ON CONFLICT DO NOTHING;
INSERT INTO public.evidences (id, transaction_id, uploaded_by, file_url, purpose) VALUES ('b342414b-0cde-4edc-8a28-ad834c529409', 'de56115e-ae3c-4f35-a62e-f32dd10fcfae', 'a7441767-be80-4345-b558-322c91085c36', 'dummy/receipt_de56115e-ae3c-4f35-a62e-f32dd10fcfae.jpg', 'PAYMENT_PROOF') ON CONFLICT DO NOTHING;
INSERT INTO public.evidences (id, transaction_id, uploaded_by, file_url, purpose) VALUES ('bbb2aaeb-76b1-4bbf-be45-d57edd84a8fc', '7a15c7e5-74e7-40cb-95d7-9c01ad2ef961', '906b1335-a803-4c8e-9bce-56399b8b03b9', 'dummy/receipt_7a15c7e5-74e7-40cb-95d7-9c01ad2ef961.jpg', 'PAYMENT_PROOF') ON CONFLICT DO NOTHING;
INSERT INTO public.evidences (id, transaction_id, uploaded_by, file_url, purpose) VALUES ('2a3f6eef-184d-43aa-957e-597902deaab5', '7a15c7e5-74e7-40cb-95d7-9c01ad2ef961', '152d3037-fd80-410f-aefd-630ca4523ed5', 'dummy/delivery_7a15c7e5-74e7-40cb-95d7-9c01ad2ef961.zip', 'DELIVERY_PROOF') ON CONFLICT DO NOTHING;
INSERT INTO public.evidences (id, transaction_id, uploaded_by, file_url, purpose) VALUES ('3ebac894-cd25-413e-bd52-a1c52192bc92', '7a15c7e5-74e7-40cb-95d7-9c01ad2ef961', '152d3037-fd80-410f-aefd-630ca4523ed5', 'dummy/dispute_7a15c7e5-74e7-40cb-95d7-9c01ad2ef961.png', 'DISPUTE_EVIDENCE') ON CONFLICT DO NOTHING;
INSERT INTO public.evidences (id, transaction_id, uploaded_by, file_url, purpose) VALUES ('9e66d48f-137c-4e32-b889-cca9b59a029f', 'a89d74c8-e659-4546-8f11-635838001048', '803e31ef-1815-43cd-95f1-fcae2c075643', 'dummy/receipt_a89d74c8-e659-4546-8f11-635838001048.jpg', 'PAYMENT_PROOF') ON CONFLICT DO NOTHING;
INSERT INTO public.evidences (id, transaction_id, uploaded_by, file_url, purpose) VALUES ('ab5ae301-2246-497a-ad32-b2854c312481', 'a89d74c8-e659-4546-8f11-635838001048', '4bb27f68-2975-4578-bc18-ca167df59b3a', 'dummy/delivery_a89d74c8-e659-4546-8f11-635838001048.zip', 'DELIVERY_PROOF') ON CONFLICT DO NOTHING;
INSERT INTO public.evidences (id, transaction_id, uploaded_by, file_url, purpose) VALUES ('2dec4a48-5466-4873-9dc5-0561aa7a66b8', 'baebd150-7807-4b52-b780-66a135b0c284', 'a7441767-be80-4345-b558-322c91085c36', 'dummy/receipt_baebd150-7807-4b52-b780-66a135b0c284.jpg', 'PAYMENT_PROOF') ON CONFLICT DO NOTHING;
INSERT INTO public.evidences (id, transaction_id, uploaded_by, file_url, purpose) VALUES ('cdd342a9-ba07-4c05-813a-f7079909aa7f', 'afa8c4da-9e86-4b26-b0b4-7700400dc6be', '4bb27f68-2975-4578-bc18-ca167df59b3a', 'dummy/receipt_afa8c4da-9e86-4b26-b0b4-7700400dc6be.jpg', 'PAYMENT_PROOF') ON CONFLICT DO NOTHING;
INSERT INTO public.evidences (id, transaction_id, uploaded_by, file_url, purpose) VALUES ('6c8b5201-6a11-44cf-b5b4-61d988c761f6', 'afa8c4da-9e86-4b26-b0b4-7700400dc6be', '803e31ef-1815-43cd-95f1-fcae2c075643', 'dummy/delivery_afa8c4da-9e86-4b26-b0b4-7700400dc6be.zip', 'DELIVERY_PROOF') ON CONFLICT DO NOTHING;
INSERT INTO public.evidences (id, transaction_id, uploaded_by, file_url, purpose) VALUES ('52abfffe-538d-4fa3-85f1-8db54d7b89ae', 'afa8c4da-9e86-4b26-b0b4-7700400dc6be', '4bb27f68-2975-4578-bc18-ca167df59b3a', 'dummy/dispute_afa8c4da-9e86-4b26-b0b4-7700400dc6be.png', 'DISPUTE_EVIDENCE') ON CONFLICT DO NOTHING;
INSERT INTO public.evidences (id, transaction_id, uploaded_by, file_url, purpose) VALUES ('bd51317e-5b9f-4391-913e-85d705da49d6', '06b2ba22-f629-408d-a99b-734c2f9e185f', '4bb27f68-2975-4578-bc18-ca167df59b3a', 'dummy/receipt_06b2ba22-f629-408d-a99b-734c2f9e185f.jpg', 'PAYMENT_PROOF') ON CONFLICT DO NOTHING;
INSERT INTO public.evidences (id, transaction_id, uploaded_by, file_url, purpose) VALUES ('726f6312-de9c-415e-a63b-d3e3296c01bc', '06b2ba22-f629-408d-a99b-734c2f9e185f', 'a2fe8e86-8779-485b-a000-1d378f6d1c76', 'dummy/delivery_06b2ba22-f629-408d-a99b-734c2f9e185f.zip', 'DELIVERY_PROOF') ON CONFLICT DO NOTHING;
INSERT INTO public.evidences (id, transaction_id, uploaded_by, file_url, purpose) VALUES ('179c2194-d152-4b3a-b72c-f2044e8bc227', '1a940fd6-774d-4a1e-815b-9089022e8dd8', 'c344d611-d40d-421c-bc60-39160693ab78', 'dummy/receipt_1a940fd6-774d-4a1e-815b-9089022e8dd8.jpg', 'PAYMENT_PROOF') ON CONFLICT DO NOTHING;
INSERT INTO public.evidences (id, transaction_id, uploaded_by, file_url, purpose) VALUES ('2e9f2eb9-a973-4d9d-8098-c9ebaca8b340', '1a940fd6-774d-4a1e-815b-9089022e8dd8', 'a2fe8e86-8779-485b-a000-1d378f6d1c76', 'dummy/delivery_1a940fd6-774d-4a1e-815b-9089022e8dd8.zip', 'DELIVERY_PROOF') ON CONFLICT DO NOTHING;
INSERT INTO public.evidences (id, transaction_id, uploaded_by, file_url, purpose) VALUES ('6e76973e-b66a-4c80-9c53-c88f39a034a4', '56bb3564-3884-4128-a195-9638f0008b05', '29939dc5-12c9-4d27-997c-37b928315bae', 'dummy/receipt_56bb3564-3884-4128-a195-9638f0008b05.jpg', 'PAYMENT_PROOF') ON CONFLICT DO NOTHING;
INSERT INTO public.evidences (id, transaction_id, uploaded_by, file_url, purpose) VALUES ('527b8e22-320b-4199-b510-572d75aab7d2', '56bb3564-3884-4128-a195-9638f0008b05', 'b4a8a850-5260-4900-89d1-53ab91286d50', 'dummy/delivery_56bb3564-3884-4128-a195-9638f0008b05.zip', 'DELIVERY_PROOF') ON CONFLICT DO NOTHING;
INSERT INTO public.evidences (id, transaction_id, uploaded_by, file_url, purpose) VALUES ('04e1d234-39f7-40f1-a73f-3a1f9ae16582', 'fe133988-5929-4516-a036-cdca325a96a2', '562985ec-dee9-4b64-a5f7-728eab7038f9', 'dummy/receipt_fe133988-5929-4516-a036-cdca325a96a2.jpg', 'PAYMENT_PROOF') ON CONFLICT DO NOTHING;
INSERT INTO public.evidences (id, transaction_id, uploaded_by, file_url, purpose) VALUES ('fa1df58c-a95f-4e0c-95d6-8e52f79a94a9', '940f685b-ff00-49af-92d5-695bd170d7aa', '906b1335-a803-4c8e-9bce-56399b8b03b9', 'dummy/receipt_940f685b-ff00-49af-92d5-695bd170d7aa.jpg', 'PAYMENT_PROOF') ON CONFLICT DO NOTHING;
INSERT INTO public.evidences (id, transaction_id, uploaded_by, file_url, purpose) VALUES ('7c187164-7cd1-4aaf-9f11-ae86b06cc885', '940f685b-ff00-49af-92d5-695bd170d7aa', '51afc78d-1770-4c8e-9c13-c2885e998348', 'dummy/delivery_940f685b-ff00-49af-92d5-695bd170d7aa.zip', 'DELIVERY_PROOF') ON CONFLICT DO NOTHING;
INSERT INTO public.evidences (id, transaction_id, uploaded_by, file_url, purpose) VALUES ('0f32e973-39ce-466f-973e-71c5d29b6b5e', '9910bfcc-2cf5-46e4-8fd1-02086481a5c8', '803e31ef-1815-43cd-95f1-fcae2c075643', 'dummy/receipt_9910bfcc-2cf5-46e4-8fd1-02086481a5c8.jpg', 'PAYMENT_PROOF') ON CONFLICT DO NOTHING;
INSERT INTO public.evidences (id, transaction_id, uploaded_by, file_url, purpose) VALUES ('e5e3b85b-46e0-4fdc-876d-4713b1a0a789', '9910bfcc-2cf5-46e4-8fd1-02086481a5c8', 'ce818fe7-14dd-46d1-947b-6ddf45d33da6', 'dummy/delivery_9910bfcc-2cf5-46e4-8fd1-02086481a5c8.zip', 'DELIVERY_PROOF') ON CONFLICT DO NOTHING;
INSERT INTO public.evidences (id, transaction_id, uploaded_by, file_url, purpose) VALUES ('e9968933-de6b-4c3b-8b64-7f02b87fef21', '9910bfcc-2cf5-46e4-8fd1-02086481a5c8', 'ce818fe7-14dd-46d1-947b-6ddf45d33da6', 'dummy/dispute_9910bfcc-2cf5-46e4-8fd1-02086481a5c8.png', 'DISPUTE_EVIDENCE') ON CONFLICT DO NOTHING;
INSERT INTO public.evidences (id, transaction_id, uploaded_by, file_url, purpose) VALUES ('312b1efa-7d13-4923-9878-435c87f7aaf9', 'ab5559e6-a6d9-413e-bf98-0429696ededc', '29939dc5-12c9-4d27-997c-37b928315bae', 'dummy/receipt_ab5559e6-a6d9-413e-bf98-0429696ededc.jpg', 'PAYMENT_PROOF') ON CONFLICT DO NOTHING;
INSERT INTO public.evidences (id, transaction_id, uploaded_by, file_url, purpose) VALUES ('538ed428-400c-4abe-9517-c5ca6536b074', 'ab5559e6-a6d9-413e-bf98-0429696ededc', '584b0a9c-cf2b-4425-8fb4-c399524f488b', 'dummy/delivery_ab5559e6-a6d9-413e-bf98-0429696ededc.zip', 'DELIVERY_PROOF') ON CONFLICT DO NOTHING;
INSERT INTO public.evidences (id, transaction_id, uploaded_by, file_url, purpose) VALUES ('81c5e98a-9931-46ce-a0f0-04c68e433cc5', '8fde31c0-6fff-4e16-a758-3e1c42660882', 'ce818fe7-14dd-46d1-947b-6ddf45d33da6', 'dummy/receipt_8fde31c0-6fff-4e16-a758-3e1c42660882.jpg', 'PAYMENT_PROOF') ON CONFLICT DO NOTHING;
INSERT INTO public.evidences (id, transaction_id, uploaded_by, file_url, purpose) VALUES ('409c1cb2-7ab6-492d-9472-8fef1135172c', '3d376217-78fc-43d2-98f9-59780cb6419e', '152d3037-fd80-410f-aefd-630ca4523ed5', 'dummy/receipt_3d376217-78fc-43d2-98f9-59780cb6419e.jpg', 'PAYMENT_PROOF') ON CONFLICT DO NOTHING;
INSERT INTO public.evidences (id, transaction_id, uploaded_by, file_url, purpose) VALUES ('054bd9e3-cd83-437a-b4d4-7287ef4c40cd', '3d376217-78fc-43d2-98f9-59780cb6419e', '4bb27f68-2975-4578-bc18-ca167df59b3a', 'dummy/delivery_3d376217-78fc-43d2-98f9-59780cb6419e.zip', 'DELIVERY_PROOF') ON CONFLICT DO NOTHING;
INSERT INTO public.evidences (id, transaction_id, uploaded_by, file_url, purpose) VALUES ('3fa1cb40-8789-4dd7-a767-79bc8c9db184', 'cb9de480-a5b3-4482-9554-71695e8bebb5', 'fa661a5c-9a30-48f5-8283-f877d71a7e81', 'dummy/receipt_cb9de480-a5b3-4482-9554-71695e8bebb5.jpg', 'PAYMENT_PROOF') ON CONFLICT DO NOTHING;
INSERT INTO public.evidences (id, transaction_id, uploaded_by, file_url, purpose) VALUES ('f788bfb9-0c8b-417d-aa08-621e9f15c795', 'cb9de480-a5b3-4482-9554-71695e8bebb5', 'c344d611-d40d-421c-bc60-39160693ab78', 'dummy/delivery_cb9de480-a5b3-4482-9554-71695e8bebb5.zip', 'DELIVERY_PROOF') ON CONFLICT DO NOTHING;
INSERT INTO public.evidences (id, transaction_id, uploaded_by, file_url, purpose) VALUES ('13cb59d8-706e-430a-849b-e8b86e6ee945', 'cb9de480-a5b3-4482-9554-71695e8bebb5', 'fa661a5c-9a30-48f5-8283-f877d71a7e81', 'dummy/dispute_cb9de480-a5b3-4482-9554-71695e8bebb5.png', 'DISPUTE_EVIDENCE') ON CONFLICT DO NOTHING;
INSERT INTO public.evidences (id, transaction_id, uploaded_by, file_url, purpose) VALUES ('8ce94e25-7374-417a-8a40-491b68bbd7ec', '748b2321-e554-45ef-bb40-35192cf2c11f', 'ce818fe7-14dd-46d1-947b-6ddf45d33da6', 'dummy/receipt_748b2321-e554-45ef-bb40-35192cf2c11f.jpg', 'PAYMENT_PROOF') ON CONFLICT DO NOTHING;
INSERT INTO public.evidences (id, transaction_id, uploaded_by, file_url, purpose) VALUES ('2bb5bdc4-a6a5-43e8-8b90-d10d57ac9177', '748b2321-e554-45ef-bb40-35192cf2c11f', '0c45e5c7-af97-4e61-b988-a047a6b8f435', 'dummy/delivery_748b2321-e554-45ef-bb40-35192cf2c11f.zip', 'DELIVERY_PROOF') ON CONFLICT DO NOTHING;
INSERT INTO public.evidences (id, transaction_id, uploaded_by, file_url, purpose) VALUES ('81281b70-d0c5-48b4-8ca0-bba2cc4de073', '748b2321-e554-45ef-bb40-35192cf2c11f', '0c45e5c7-af97-4e61-b988-a047a6b8f435', 'dummy/dispute_748b2321-e554-45ef-bb40-35192cf2c11f.png', 'DISPUTE_EVIDENCE') ON CONFLICT DO NOTHING;
INSERT INTO public.evidences (id, transaction_id, uploaded_by, file_url, purpose) VALUES ('ee0c4ee9-c580-4418-8567-8c40f9c4fd99', '7de90756-a260-4bd8-8a65-8fc09da5b839', '906b1335-a803-4c8e-9bce-56399b8b03b9', 'dummy/receipt_7de90756-a260-4bd8-8a65-8fc09da5b839.jpg', 'PAYMENT_PROOF') ON CONFLICT DO NOTHING;
INSERT INTO public.evidences (id, transaction_id, uploaded_by, file_url, purpose) VALUES ('b3c257e5-f413-4770-80a4-3a19229e622e', '7de90756-a260-4bd8-8a65-8fc09da5b839', '584b0a9c-cf2b-4425-8fb4-c399524f488b', 'dummy/delivery_7de90756-a260-4bd8-8a65-8fc09da5b839.zip', 'DELIVERY_PROOF') ON CONFLICT DO NOTHING;
INSERT INTO public.evidences (id, transaction_id, uploaded_by, file_url, purpose) VALUES ('0960de52-555c-4901-86f5-9f2fcac601fe', '82f2183c-0550-441c-a0b9-2f01701bf223', '0c45e5c7-af97-4e61-b988-a047a6b8f435', 'dummy/receipt_82f2183c-0550-441c-a0b9-2f01701bf223.jpg', 'PAYMENT_PROOF') ON CONFLICT DO NOTHING;
INSERT INTO public.evidences (id, transaction_id, uploaded_by, file_url, purpose) VALUES ('2ab9ba71-4e2e-47e5-9eb0-6ef93b238c3d', '9bd5e7dd-a38b-4674-bdc5-308e30b1ab09', '584b0a9c-cf2b-4425-8fb4-c399524f488b', 'dummy/receipt_9bd5e7dd-a38b-4674-bdc5-308e30b1ab09.jpg', 'PAYMENT_PROOF') ON CONFLICT DO NOTHING;
INSERT INTO public.evidences (id, transaction_id, uploaded_by, file_url, purpose) VALUES ('08619491-800f-4dde-9484-0dce17328ad0', '99b68eef-df9f-4628-a5ce-72ff43fdb15d', '51afc78d-1770-4c8e-9c13-c2885e998348', 'dummy/receipt_99b68eef-df9f-4628-a5ce-72ff43fdb15d.jpg', 'PAYMENT_PROOF') ON CONFLICT DO NOTHING;
INSERT INTO public.evidences (id, transaction_id, uploaded_by, file_url, purpose) VALUES ('9f30a83e-bb4c-48ae-83d1-4b88fe3688d0', '99b68eef-df9f-4628-a5ce-72ff43fdb15d', 'e7b37fe1-0561-4a94-8312-46c558516af0', 'dummy/delivery_99b68eef-df9f-4628-a5ce-72ff43fdb15d.zip', 'DELIVERY_PROOF') ON CONFLICT DO NOTHING;
INSERT INTO public.evidences (id, transaction_id, uploaded_by, file_url, purpose) VALUES ('e4e9d6b7-4b8a-421d-abf9-5b625ac4c815', 'a7bbda23-9e67-4f0c-890d-44aa86b83084', '152d3037-fd80-410f-aefd-630ca4523ed5', 'dummy/receipt_a7bbda23-9e67-4f0c-890d-44aa86b83084.jpg', 'PAYMENT_PROOF') ON CONFLICT DO NOTHING;
INSERT INTO public.evidences (id, transaction_id, uploaded_by, file_url, purpose) VALUES ('d4ef77aa-f9ba-4d8c-9427-0bf9cc63efa5', 'a7bbda23-9e67-4f0c-890d-44aa86b83084', '562985ec-dee9-4b64-a5f7-728eab7038f9', 'dummy/delivery_a7bbda23-9e67-4f0c-890d-44aa86b83084.zip', 'DELIVERY_PROOF') ON CONFLICT DO NOTHING;
INSERT INTO public.evidences (id, transaction_id, uploaded_by, file_url, purpose) VALUES ('64cc6b84-8234-41b8-b665-e423f3f60af7', 'a7bbda23-9e67-4f0c-890d-44aa86b83084', '152d3037-fd80-410f-aefd-630ca4523ed5', 'dummy/dispute_a7bbda23-9e67-4f0c-890d-44aa86b83084.png', 'DISPUTE_EVIDENCE') ON CONFLICT DO NOTHING;
INSERT INTO public.evidences (id, transaction_id, uploaded_by, file_url, purpose) VALUES ('c8d37be0-8ce8-4ced-85ba-081249b688ae', '03efff31-c59f-4c05-9d78-2a7c7cbf6d2c', '0c45e5c7-af97-4e61-b988-a047a6b8f435', 'dummy/receipt_03efff31-c59f-4c05-9d78-2a7c7cbf6d2c.jpg', 'PAYMENT_PROOF') ON CONFLICT DO NOTHING;
INSERT INTO public.evidences (id, transaction_id, uploaded_by, file_url, purpose) VALUES ('18d7333a-2dc8-4619-9eab-7cc8eb5d9162', '03efff31-c59f-4c05-9d78-2a7c7cbf6d2c', 'e7b37fe1-0561-4a94-8312-46c558516af0', 'dummy/delivery_03efff31-c59f-4c05-9d78-2a7c7cbf6d2c.zip', 'DELIVERY_PROOF') ON CONFLICT DO NOTHING;
INSERT INTO public.evidences (id, transaction_id, uploaded_by, file_url, purpose) VALUES ('111821f5-7bb4-4779-86ae-3d10bb3b09a2', '03efff31-c59f-4c05-9d78-2a7c7cbf6d2c', 'e7b37fe1-0561-4a94-8312-46c558516af0', 'dummy/dispute_03efff31-c59f-4c05-9d78-2a7c7cbf6d2c.png', 'DISPUTE_EVIDENCE') ON CONFLICT DO NOTHING;
INSERT INTO public.evidences (id, transaction_id, uploaded_by, file_url, purpose) VALUES ('fcb73680-c0e9-4006-8d64-15baa0beae28', 'fc31498e-e4ed-46d0-8396-68a033bfde15', '906b1335-a803-4c8e-9bce-56399b8b03b9', 'dummy/receipt_fc31498e-e4ed-46d0-8396-68a033bfde15.jpg', 'PAYMENT_PROOF') ON CONFLICT DO NOTHING;
INSERT INTO public.evidences (id, transaction_id, uploaded_by, file_url, purpose) VALUES ('61009208-3d36-43fc-a638-d53c1eebc07d', 'fc31498e-e4ed-46d0-8396-68a033bfde15', 'c344d611-d40d-421c-bc60-39160693ab78', 'dummy/delivery_fc31498e-e4ed-46d0-8396-68a033bfde15.zip', 'DELIVERY_PROOF') ON CONFLICT DO NOTHING;
INSERT INTO public.evidences (id, transaction_id, uploaded_by, file_url, purpose) VALUES ('c36db9cf-0f11-4739-b333-00d60e4ffc6e', 'fc31498e-e4ed-46d0-8396-68a033bfde15', '906b1335-a803-4c8e-9bce-56399b8b03b9', 'dummy/dispute_fc31498e-e4ed-46d0-8396-68a033bfde15.png', 'DISPUTE_EVIDENCE') ON CONFLICT DO NOTHING;
INSERT INTO public.evidences (id, transaction_id, uploaded_by, file_url, purpose) VALUES ('aa37fc1d-9108-4030-a54d-58905dc47f5c', '11ddc77b-fedf-4d7a-9775-540c62dcd689', '0c45e5c7-af97-4e61-b988-a047a6b8f435', 'dummy/receipt_11ddc77b-fedf-4d7a-9775-540c62dcd689.jpg', 'PAYMENT_PROOF') ON CONFLICT DO NOTHING;
INSERT INTO public.evidences (id, transaction_id, uploaded_by, file_url, purpose) VALUES ('c544a522-1de6-46bb-84de-8c12374f9aa3', '11ddc77b-fedf-4d7a-9775-540c62dcd689', 'a7441767-be80-4345-b558-322c91085c36', 'dummy/delivery_11ddc77b-fedf-4d7a-9775-540c62dcd689.zip', 'DELIVERY_PROOF') ON CONFLICT DO NOTHING;
INSERT INTO public.evidences (id, transaction_id, uploaded_by, file_url, purpose) VALUES ('4ec5af6e-a7ea-4ed1-9563-1e64490a2be5', '8b1eb7c6-a514-4e06-af24-1097f7be21e4', 'a7441767-be80-4345-b558-322c91085c36', 'dummy/receipt_8b1eb7c6-a514-4e06-af24-1097f7be21e4.jpg', 'PAYMENT_PROOF') ON CONFLICT DO NOTHING;
INSERT INTO public.evidences (id, transaction_id, uploaded_by, file_url, purpose) VALUES ('21212578-dc08-4343-b210-6a41295ba1ac', '63232660-376d-4b5b-beff-9663b275ddb3', '29939dc5-12c9-4d27-997c-37b928315bae', 'dummy/receipt_63232660-376d-4b5b-beff-9663b275ddb3.jpg', 'PAYMENT_PROOF') ON CONFLICT DO NOTHING;
INSERT INTO public.evidences (id, transaction_id, uploaded_by, file_url, purpose) VALUES ('7522d2da-d5d9-4e8c-9bdd-e14635b2a40d', '63232660-376d-4b5b-beff-9663b275ddb3', '51afc78d-1770-4c8e-9c13-c2885e998348', 'dummy/delivery_63232660-376d-4b5b-beff-9663b275ddb3.zip', 'DELIVERY_PROOF') ON CONFLICT DO NOTHING;
INSERT INTO public.evidences (id, transaction_id, uploaded_by, file_url, purpose) VALUES ('44a895e5-cab1-404e-bb8e-b4a4d3faa82b', '8a43472d-4602-469b-893d-8b9adc2f5860', '10babf16-b20e-4299-acb4-d8795f371980', 'dummy/receipt_8a43472d-4602-469b-893d-8b9adc2f5860.jpg', 'PAYMENT_PROOF') ON CONFLICT DO NOTHING;
INSERT INTO public.evidences (id, transaction_id, uploaded_by, file_url, purpose) VALUES ('6e81e9d1-0678-4ee3-8a0e-765be0b9504b', '8a43472d-4602-469b-893d-8b9adc2f5860', 'e7b37fe1-0561-4a94-8312-46c558516af0', 'dummy/delivery_8a43472d-4602-469b-893d-8b9adc2f5860.zip', 'DELIVERY_PROOF') ON CONFLICT DO NOTHING;
INSERT INTO public.evidences (id, transaction_id, uploaded_by, file_url, purpose) VALUES ('408efd94-6326-404d-b078-a28d1bfc87e8', '8a43472d-4602-469b-893d-8b9adc2f5860', '10babf16-b20e-4299-acb4-d8795f371980', 'dummy/dispute_8a43472d-4602-469b-893d-8b9adc2f5860.png', 'DISPUTE_EVIDENCE') ON CONFLICT DO NOTHING;
INSERT INTO public.evidences (id, transaction_id, uploaded_by, file_url, purpose) VALUES ('35378621-3142-49aa-be4b-e0d87c9b0d73', '695bcb28-c2be-4020-bd5a-e8caf2cb3bf6', 'c344d611-d40d-421c-bc60-39160693ab78', 'dummy/receipt_695bcb28-c2be-4020-bd5a-e8caf2cb3bf6.jpg', 'PAYMENT_PROOF') ON CONFLICT DO NOTHING;
INSERT INTO public.evidences (id, transaction_id, uploaded_by, file_url, purpose) VALUES ('ff358c64-e472-43d1-ad3c-5d836222015d', '695bcb28-c2be-4020-bd5a-e8caf2cb3bf6', '152d3037-fd80-410f-aefd-630ca4523ed5', 'dummy/delivery_695bcb28-c2be-4020-bd5a-e8caf2cb3bf6.zip', 'DELIVERY_PROOF') ON CONFLICT DO NOTHING;
INSERT INTO public.evidences (id, transaction_id, uploaded_by, file_url, purpose) VALUES ('40d378ff-5d16-48ff-adb0-59d85c938ac1', '2a37e96d-4c19-4473-8d51-70f908ec492a', '10babf16-b20e-4299-acb4-d8795f371980', 'dummy/receipt_2a37e96d-4c19-4473-8d51-70f908ec492a.jpg', 'PAYMENT_PROOF') ON CONFLICT DO NOTHING;
INSERT INTO public.evidences (id, transaction_id, uploaded_by, file_url, purpose) VALUES ('4a5af671-bc78-4182-85aa-c4d27a4fff22', '2a37e96d-4c19-4473-8d51-70f908ec492a', 'b4a8a850-5260-4900-89d1-53ab91286d50', 'dummy/delivery_2a37e96d-4c19-4473-8d51-70f908ec492a.zip', 'DELIVERY_PROOF') ON CONFLICT DO NOTHING;
INSERT INTO public.evidences (id, transaction_id, uploaded_by, file_url, purpose) VALUES ('66c63e05-79dd-4c42-b2cf-422ccf88302f', '327f3254-e32b-44ef-bd08-0c3728de4eb2', 'a2fe8e86-8779-485b-a000-1d378f6d1c76', 'dummy/receipt_327f3254-e32b-44ef-bd08-0c3728de4eb2.jpg', 'PAYMENT_PROOF') ON CONFLICT DO NOTHING;
INSERT INTO public.evidences (id, transaction_id, uploaded_by, file_url, purpose) VALUES ('44f11f49-3b43-4f72-99fe-35a8d94f7ba3', '327f3254-e32b-44ef-bd08-0c3728de4eb2', 'e7b37fe1-0561-4a94-8312-46c558516af0', 'dummy/delivery_327f3254-e32b-44ef-bd08-0c3728de4eb2.zip', 'DELIVERY_PROOF') ON CONFLICT DO NOTHING;
INSERT INTO public.evidences (id, transaction_id, uploaded_by, file_url, purpose) VALUES ('888d4691-775f-4cf7-9447-3c9fb73d36d6', 'a99dc739-45d3-4c6a-b43e-f2657401a7ce', '584b0a9c-cf2b-4425-8fb4-c399524f488b', 'dummy/receipt_a99dc739-45d3-4c6a-b43e-f2657401a7ce.jpg', 'PAYMENT_PROOF') ON CONFLICT DO NOTHING;
INSERT INTO public.evidences (id, transaction_id, uploaded_by, file_url, purpose) VALUES ('aee140ee-6403-4fc8-8f31-4b3881e6fe0f', 'a99dc739-45d3-4c6a-b43e-f2657401a7ce', 'ce818fe7-14dd-46d1-947b-6ddf45d33da6', 'dummy/delivery_a99dc739-45d3-4c6a-b43e-f2657401a7ce.zip', 'DELIVERY_PROOF') ON CONFLICT DO NOTHING;

-- DISPUTES
INSERT INTO public.disputes (id, transaction_id, raised_by, reason, status) VALUES ('30b13799-6505-4d0a-9ccd-6097501717b0', 'fbfc1e95-5c18-4b19-9acf-75820864a822', '152d3037-fd80-410f-aefd-630ca4523ed5', 'Barang tidak sesuai / tidak bisa diakses', 'RESOLVED_BUYER') ON CONFLICT DO NOTHING;
INSERT INTO public.disputes (id, transaction_id, raised_by, reason, status) VALUES ('d0bf02cb-453d-4d45-b6a9-1e2963d8a0dc', '031a225b-63c0-45e5-bc97-03cc511fc114', '51afc78d-1770-4c8e-9c13-c2885e998348', 'Barang tidak sesuai / tidak bisa diakses', 'OPEN') ON CONFLICT DO NOTHING;
INSERT INTO public.disputes (id, transaction_id, raised_by, reason, status) VALUES ('c3cc518b-6a46-4a7b-8cca-baf69f630f28', '7a15c7e5-74e7-40cb-95d7-9c01ad2ef961', '152d3037-fd80-410f-aefd-630ca4523ed5', 'Barang tidak sesuai / tidak bisa diakses', 'OPEN') ON CONFLICT DO NOTHING;
INSERT INTO public.disputes (id, transaction_id, raised_by, reason, status) VALUES ('84970b57-9961-4843-9682-a455512002f6', 'afa8c4da-9e86-4b26-b0b4-7700400dc6be', '4bb27f68-2975-4578-bc18-ca167df59b3a', 'Barang tidak sesuai / tidak bisa diakses', 'OPEN') ON CONFLICT DO NOTHING;
INSERT INTO public.disputes (id, transaction_id, raised_by, reason, status) VALUES ('284b8ade-aefa-4509-afc7-d0823bca722f', '9910bfcc-2cf5-46e4-8fd1-02086481a5c8', 'ce818fe7-14dd-46d1-947b-6ddf45d33da6', 'Barang tidak sesuai / tidak bisa diakses', 'OPEN') ON CONFLICT DO NOTHING;
INSERT INTO public.disputes (id, transaction_id, raised_by, reason, status) VALUES ('a57d4a1f-f2bb-48be-92ff-437a637b50e6', 'cb9de480-a5b3-4482-9554-71695e8bebb5', 'fa661a5c-9a30-48f5-8283-f877d71a7e81', 'Barang tidak sesuai / tidak bisa diakses', 'RESOLVED_BUYER') ON CONFLICT DO NOTHING;
INSERT INTO public.disputes (id, transaction_id, raised_by, reason, status) VALUES ('91563211-2837-4828-ad9a-3c2292537b4a', '748b2321-e554-45ef-bb40-35192cf2c11f', '0c45e5c7-af97-4e61-b988-a047a6b8f435', 'Barang tidak sesuai / tidak bisa diakses', 'RESOLVED_BUYER') ON CONFLICT DO NOTHING;
INSERT INTO public.disputes (id, transaction_id, raised_by, reason, status) VALUES ('5afbc12a-e722-4995-aa9d-f3ea0d184967', 'a7bbda23-9e67-4f0c-890d-44aa86b83084', '152d3037-fd80-410f-aefd-630ca4523ed5', 'Barang tidak sesuai / tidak bisa diakses', 'OPEN') ON CONFLICT DO NOTHING;
INSERT INTO public.disputes (id, transaction_id, raised_by, reason, status) VALUES ('53e57806-2382-4b98-96c3-51b26c33d1bd', '03efff31-c59f-4c05-9d78-2a7c7cbf6d2c', 'e7b37fe1-0561-4a94-8312-46c558516af0', 'Barang tidak sesuai / tidak bisa diakses', 'RESOLVED_BUYER') ON CONFLICT DO NOTHING;
INSERT INTO public.disputes (id, transaction_id, raised_by, reason, status) VALUES ('59290f22-34f6-45ca-b818-7522f62035f9', 'fc31498e-e4ed-46d0-8396-68a033bfde15', '906b1335-a803-4c8e-9bce-56399b8b03b9', 'Barang tidak sesuai / tidak bisa diakses', 'RESOLVED_BUYER') ON CONFLICT DO NOTHING;
INSERT INTO public.disputes (id, transaction_id, raised_by, reason, status) VALUES ('c1d2b8b2-faad-42cf-9ce5-b96dd87fe54f', '8a43472d-4602-469b-893d-8b9adc2f5860', '10babf16-b20e-4299-acb4-d8795f371980', 'Barang tidak sesuai / tidak bisa diakses', 'OPEN') ON CONFLICT DO NOTHING;

-- AUDIT LOGS
INSERT INTO public.audit_logs (id, transaction_id, actor_id, action, metadata) VALUES ('8a18e84a-7f12-4452-869d-7fe83d362dc5', 'fbfc1e95-5c18-4b19-9acf-75820864a822', '906b1335-a803-4c8e-9bce-56399b8b03b9', 'TRANSACTION_CREATED', '{"amount":1050000}') ON CONFLICT DO NOTHING;
INSERT INTO public.audit_logs (id, transaction_id, actor_id, action, metadata) VALUES ('2a9f3c3a-f87b-43e3-ab99-67b041f2a8db', 'fbfc1e95-5c18-4b19-9acf-75820864a822', '152d3037-fd80-410f-aefd-630ca4523ed5', 'TRANSACTION_ACCEPTED_BY_BUYER', '{}') ON CONFLICT DO NOTHING;
INSERT INTO public.audit_logs (id, transaction_id, actor_id, action, metadata) VALUES ('3578cb67-d253-471a-bf90-06aae82d0c2f', 'fbfc1e95-5c18-4b19-9acf-75820864a822', '152d3037-fd80-410f-aefd-630ca4523ed5', 'PAYMENT_PROOF_UPLOADED', '{}') ON CONFLICT DO NOTHING;
INSERT INTO public.audit_logs (id, transaction_id, actor_id, action, metadata) VALUES ('f2bb115b-7638-45d8-b76f-e5006e0d30ff', 'fbfc1e95-5c18-4b19-9acf-75820864a822', '00000000-0000-0000-0000-000000000001', 'PAYMENT_APPROVED_BY_ADMIN', '{}') ON CONFLICT DO NOTHING;
INSERT INTO public.audit_logs (id, transaction_id, actor_id, action, metadata) VALUES ('98521894-b1fc-41fc-b805-839de475cab6', 'fbfc1e95-5c18-4b19-9acf-75820864a822', '906b1335-a803-4c8e-9bce-56399b8b03b9', 'SELLER_DELIVERY_SUBMITTED', '{}') ON CONFLICT DO NOTHING;
INSERT INTO public.audit_logs (id, transaction_id, actor_id, action, metadata) VALUES ('1fc9ef3c-d968-4dd2-89e0-c367b214bf39', 'fbfc1e95-5c18-4b19-9acf-75820864a822', '152d3037-fd80-410f-aefd-630ca4523ed5', 'DISPUTE_RAISED', '{"reason":"Barang tidak sesuai"}') ON CONFLICT DO NOTHING;
INSERT INTO public.audit_logs (id, transaction_id, actor_id, action, metadata) VALUES ('a70e3580-476c-473f-9c5e-70ab8fba59f1', 'fbfc1e95-5c18-4b19-9acf-75820864a822', '00000000-0000-0000-0000-000000000001', 'DISPUTE_RESOLVED', '{"resolution":"REFUND_TO_BUYER"}') ON CONFLICT DO NOTHING;
INSERT INTO public.audit_logs (id, transaction_id, actor_id, action, metadata) VALUES ('c1c51974-e473-4f96-b9ae-4e372428673c', 'fb7a2e69-fc8d-4a8c-9619-acb60aaf50c4', '906b1335-a803-4c8e-9bce-56399b8b03b9', 'TRANSACTION_CREATED', '{"amount":1050000}') ON CONFLICT DO NOTHING;
INSERT INTO public.audit_logs (id, transaction_id, actor_id, action, metadata) VALUES ('a1b8d41f-ade9-4ea3-85fc-ee5846f557ee', 'fb7a2e69-fc8d-4a8c-9619-acb60aaf50c4', '562985ec-dee9-4b64-a5f7-728eab7038f9', 'TRANSACTION_ACCEPTED_BY_BUYER', '{}') ON CONFLICT DO NOTHING;
INSERT INTO public.audit_logs (id, transaction_id, actor_id, action, metadata) VALUES ('a8f4172b-30c1-44e7-83b9-6a3419401c35', 'fb7a2e69-fc8d-4a8c-9619-acb60aaf50c4', '562985ec-dee9-4b64-a5f7-728eab7038f9', 'PAYMENT_PROOF_UPLOADED', '{}') ON CONFLICT DO NOTHING;
INSERT INTO public.audit_logs (id, transaction_id, actor_id, action, metadata) VALUES ('f3f7b7b4-8844-4cd6-910a-0dafc688dffc', 'fb7a2e69-fc8d-4a8c-9619-acb60aaf50c4', '00000000-0000-0000-0000-000000000001', 'PAYMENT_APPROVED_BY_ADMIN', '{}') ON CONFLICT DO NOTHING;
INSERT INTO public.audit_logs (id, transaction_id, actor_id, action, metadata) VALUES ('d7b3ef1a-39d7-424d-b8f4-8e4b45e3d1b4', '25e3e37f-977c-45da-beb5-a75d49ccd6b8', 'a7441767-be80-4345-b558-322c91085c36', 'TRANSACTION_CREATED', '{"amount":1350000}') ON CONFLICT DO NOTHING;
INSERT INTO public.audit_logs (id, transaction_id, actor_id, action, metadata) VALUES ('ec2885cd-c0c8-4862-9e95-7f9ed832ff4d', '25e3e37f-977c-45da-beb5-a75d49ccd6b8', '51afc78d-1770-4c8e-9c13-c2885e998348', 'TRANSACTION_ACCEPTED_BY_BUYER', '{}') ON CONFLICT DO NOTHING;
INSERT INTO public.audit_logs (id, transaction_id, actor_id, action, metadata) VALUES ('d84f8501-436a-46d8-abed-d19d68172341', '25e3e37f-977c-45da-beb5-a75d49ccd6b8', '51afc78d-1770-4c8e-9c13-c2885e998348', 'PAYMENT_PROOF_UPLOADED', '{}') ON CONFLICT DO NOTHING;
INSERT INTO public.audit_logs (id, transaction_id, actor_id, action, metadata) VALUES ('8af4700d-d385-4c14-b859-3fd436a47ac9', '25e3e37f-977c-45da-beb5-a75d49ccd6b8', '00000000-0000-0000-0000-000000000001', 'PAYMENT_APPROVED_BY_ADMIN', '{}') ON CONFLICT DO NOTHING;
INSERT INTO public.audit_logs (id, transaction_id, actor_id, action, metadata) VALUES ('ba0e2eee-6c4e-40a7-b466-bdc741c52491', '605d2861-d894-4b48-8cf5-82440978e859', '152d3037-fd80-410f-aefd-630ca4523ed5', 'TRANSACTION_CREATED', '{"amount":1050000}') ON CONFLICT DO NOTHING;
INSERT INTO public.audit_logs (id, transaction_id, actor_id, action, metadata) VALUES ('7ba1333f-142f-4de9-b3e8-57675e36b5aa', '605d2861-d894-4b48-8cf5-82440978e859', 'c344d611-d40d-421c-bc60-39160693ab78', 'TRANSACTION_ACCEPTED_BY_BUYER', '{}') ON CONFLICT DO NOTHING;
INSERT INTO public.audit_logs (id, transaction_id, actor_id, action, metadata) VALUES ('c664db75-6ec5-46f6-be6a-1dc336f3c79c', '605d2861-d894-4b48-8cf5-82440978e859', 'c344d611-d40d-421c-bc60-39160693ab78', 'PAYMENT_PROOF_UPLOADED', '{}') ON CONFLICT DO NOTHING;
INSERT INTO public.audit_logs (id, transaction_id, actor_id, action, metadata) VALUES ('4c0a54d7-2159-44b8-a2f3-6e94de60f56a', '605d2861-d894-4b48-8cf5-82440978e859', '00000000-0000-0000-0000-000000000001', 'PAYMENT_APPROVED_BY_ADMIN', '{}') ON CONFLICT DO NOTHING;
INSERT INTO public.audit_logs (id, transaction_id, actor_id, action, metadata) VALUES ('dfe9cf0b-4124-4837-b1f3-8b249826ddd7', '605d2861-d894-4b48-8cf5-82440978e859', '152d3037-fd80-410f-aefd-630ca4523ed5', 'SELLER_DELIVERY_SUBMITTED', '{}') ON CONFLICT DO NOTHING;
INSERT INTO public.audit_logs (id, transaction_id, actor_id, action, metadata) VALUES ('c9e9d9c1-fa60-40da-b81c-6991c1dae54b', '3f383da9-763b-47db-a020-2a4171da6bb7', '4bb27f68-2975-4578-bc18-ca167df59b3a', 'TRANSACTION_CREATED', '{"amount":2300000}') ON CONFLICT DO NOTHING;
INSERT INTO public.audit_logs (id, transaction_id, actor_id, action, metadata) VALUES ('124308c5-54a8-4341-b600-94542ef2f8cb', '3f383da9-763b-47db-a020-2a4171da6bb7', 'b4a8a850-5260-4900-89d1-53ab91286d50', 'TRANSACTION_ACCEPTED_BY_BUYER', '{}') ON CONFLICT DO NOTHING;
INSERT INTO public.audit_logs (id, transaction_id, actor_id, action, metadata) VALUES ('d71150cc-8f56-4ea3-b6b2-72c9613f7132', '3f383da9-763b-47db-a020-2a4171da6bb7', 'b4a8a850-5260-4900-89d1-53ab91286d50', 'PAYMENT_PROOF_UPLOADED', '{}') ON CONFLICT DO NOTHING;
INSERT INTO public.audit_logs (id, transaction_id, actor_id, action, metadata) VALUES ('4f97cdea-1191-4d38-88fb-cba7627495bd', '3f383da9-763b-47db-a020-2a4171da6bb7', '00000000-0000-0000-0000-000000000001', 'PAYMENT_APPROVED_BY_ADMIN', '{}') ON CONFLICT DO NOTHING;
INSERT INTO public.audit_logs (id, transaction_id, actor_id, action, metadata) VALUES ('3e989f28-5021-4f83-9d08-4ad8172725ed', '3f383da9-763b-47db-a020-2a4171da6bb7', '4bb27f68-2975-4578-bc18-ca167df59b3a', 'SELLER_DELIVERY_SUBMITTED', '{}') ON CONFLICT DO NOTHING;
INSERT INTO public.audit_logs (id, transaction_id, actor_id, action, metadata) VALUES ('6db85da7-22dc-48ef-b479-25a374305acb', '3f383da9-763b-47db-a020-2a4171da6bb7', 'b4a8a850-5260-4900-89d1-53ab91286d50', 'BUYER_CONFIRMED_DELIVERY', '{}') ON CONFLICT DO NOTHING;
INSERT INTO public.audit_logs (id, transaction_id, actor_id, action, metadata) VALUES ('75a2e20e-19eb-49ab-92fc-2e92019e7d99', '3f383da9-763b-47db-a020-2a4171da6bb7', '00000000-0000-0000-0000-000000000001', 'FUNDS_RELEASED_BY_ADMIN', '{}') ON CONFLICT DO NOTHING;
INSERT INTO public.audit_logs (id, transaction_id, actor_id, action, metadata) VALUES ('17c73f45-ce83-4de5-b75a-d2b98b7d1157', 'd86b739e-2155-44a8-933c-f3c40f9f18ca', '10babf16-b20e-4299-acb4-d8795f371980', 'TRANSACTION_CREATED', '{"amount":2350000}') ON CONFLICT DO NOTHING;
INSERT INTO public.audit_logs (id, transaction_id, actor_id, action, metadata) VALUES ('227d4901-d378-40a9-b67a-b85797247ae2', 'd86b739e-2155-44a8-933c-f3c40f9f18ca', '152d3037-fd80-410f-aefd-630ca4523ed5', 'TRANSACTION_ACCEPTED_BY_BUYER', '{}') ON CONFLICT DO NOTHING;
INSERT INTO public.audit_logs (id, transaction_id, actor_id, action, metadata) VALUES ('55ab4968-a78d-4ccf-a59f-2112272f56c8', 'd86b739e-2155-44a8-933c-f3c40f9f18ca', '152d3037-fd80-410f-aefd-630ca4523ed5', 'PAYMENT_PROOF_UPLOADED', '{}') ON CONFLICT DO NOTHING;
INSERT INTO public.audit_logs (id, transaction_id, actor_id, action, metadata) VALUES ('e7d90ff6-1e8b-4778-8c3e-f57054362eab', 'd86b739e-2155-44a8-933c-f3c40f9f18ca', '00000000-0000-0000-0000-000000000001', 'PAYMENT_APPROVED_BY_ADMIN', '{}') ON CONFLICT DO NOTHING;
INSERT INTO public.audit_logs (id, transaction_id, actor_id, action, metadata) VALUES ('2ae3828c-6f65-4f7e-8263-221e3f6cc2f0', '031a225b-63c0-45e5-bc97-03cc511fc114', 'c344d611-d40d-421c-bc60-39160693ab78', 'TRANSACTION_CREATED', '{"amount":200000}') ON CONFLICT DO NOTHING;
INSERT INTO public.audit_logs (id, transaction_id, actor_id, action, metadata) VALUES ('10aef389-32a0-4e12-a20e-9573750dbf76', '031a225b-63c0-45e5-bc97-03cc511fc114', '51afc78d-1770-4c8e-9c13-c2885e998348', 'TRANSACTION_ACCEPTED_BY_BUYER', '{}') ON CONFLICT DO NOTHING;
INSERT INTO public.audit_logs (id, transaction_id, actor_id, action, metadata) VALUES ('78ad897e-7b3a-4f00-8df1-ddf1144967e7', '031a225b-63c0-45e5-bc97-03cc511fc114', '51afc78d-1770-4c8e-9c13-c2885e998348', 'PAYMENT_PROOF_UPLOADED', '{}') ON CONFLICT DO NOTHING;
INSERT INTO public.audit_logs (id, transaction_id, actor_id, action, metadata) VALUES ('c50d7f09-8243-4f9e-812a-71de032000b6', '031a225b-63c0-45e5-bc97-03cc511fc114', '00000000-0000-0000-0000-000000000001', 'PAYMENT_APPROVED_BY_ADMIN', '{}') ON CONFLICT DO NOTHING;
INSERT INTO public.audit_logs (id, transaction_id, actor_id, action, metadata) VALUES ('6a9c8c4f-701e-4173-a550-d124a0596700', '031a225b-63c0-45e5-bc97-03cc511fc114', 'c344d611-d40d-421c-bc60-39160693ab78', 'SELLER_DELIVERY_SUBMITTED', '{}') ON CONFLICT DO NOTHING;
INSERT INTO public.audit_logs (id, transaction_id, actor_id, action, metadata) VALUES ('24a07007-b7cc-4e83-917d-726a7681b066', '031a225b-63c0-45e5-bc97-03cc511fc114', '51afc78d-1770-4c8e-9c13-c2885e998348', 'DISPUTE_RAISED', '{"reason":"Barang tidak sesuai"}') ON CONFLICT DO NOTHING;
INSERT INTO public.audit_logs (id, transaction_id, actor_id, action, metadata) VALUES ('754c16bd-8782-44d4-84af-b4813ee7e7b5', '559f9390-2c3c-48aa-940a-110821ea4c23', 'b4a8a850-5260-4900-89d1-53ab91286d50', 'TRANSACTION_CREATED', '{"amount":2100000}') ON CONFLICT DO NOTHING;
INSERT INTO public.audit_logs (id, transaction_id, actor_id, action, metadata) VALUES ('b3594700-7833-497f-9648-fcee576a30a2', '559f9390-2c3c-48aa-940a-110821ea4c23', 'a2fe8e86-8779-485b-a000-1d378f6d1c76', 'TRANSACTION_ACCEPTED_BY_BUYER', '{}') ON CONFLICT DO NOTHING;
INSERT INTO public.audit_logs (id, transaction_id, actor_id, action, metadata) VALUES ('b1c7292f-8007-437f-9fdb-1c2b38c0c016', '559f9390-2c3c-48aa-940a-110821ea4c23', 'a2fe8e86-8779-485b-a000-1d378f6d1c76', 'PAYMENT_PROOF_UPLOADED', '{}') ON CONFLICT DO NOTHING;
INSERT INTO public.audit_logs (id, transaction_id, actor_id, action, metadata) VALUES ('c953eca3-9efd-4037-87e1-73b29493077f', '559f9390-2c3c-48aa-940a-110821ea4c23', '00000000-0000-0000-0000-000000000001', 'PAYMENT_APPROVED_BY_ADMIN', '{}') ON CONFLICT DO NOTHING;
INSERT INTO public.audit_logs (id, transaction_id, actor_id, action, metadata) VALUES ('1ea81789-8b79-4f56-9dc1-f3b326792a83', '559f9390-2c3c-48aa-940a-110821ea4c23', 'b4a8a850-5260-4900-89d1-53ab91286d50', 'SELLER_DELIVERY_SUBMITTED', '{}') ON CONFLICT DO NOTHING;
INSERT INTO public.audit_logs (id, transaction_id, actor_id, action, metadata) VALUES ('5bb440d0-6770-492f-9976-217ac8d6e9ee', '559f9390-2c3c-48aa-940a-110821ea4c23', 'a2fe8e86-8779-485b-a000-1d378f6d1c76', 'BUYER_CONFIRMED_DELIVERY', '{}') ON CONFLICT DO NOTHING;
INSERT INTO public.audit_logs (id, transaction_id, actor_id, action, metadata) VALUES ('c18c6047-7c80-411d-93e5-7299498c3e5b', '559f9390-2c3c-48aa-940a-110821ea4c23', '00000000-0000-0000-0000-000000000001', 'FUNDS_RELEASED_BY_ADMIN', '{}') ON CONFLICT DO NOTHING;
INSERT INTO public.audit_logs (id, transaction_id, actor_id, action, metadata) VALUES ('9bba35d0-6445-48fe-a757-ac64b3db437b', 'de56115e-ae3c-4f35-a62e-f32dd10fcfae', '584b0a9c-cf2b-4425-8fb4-c399524f488b', 'TRANSACTION_CREATED', '{"amount":1100000}') ON CONFLICT DO NOTHING;
INSERT INTO public.audit_logs (id, transaction_id, actor_id, action, metadata) VALUES ('d52c7480-79e3-42ff-a18a-a42ff003833f', 'de56115e-ae3c-4f35-a62e-f32dd10fcfae', 'a7441767-be80-4345-b558-322c91085c36', 'TRANSACTION_ACCEPTED_BY_BUYER', '{}') ON CONFLICT DO NOTHING;
INSERT INTO public.audit_logs (id, transaction_id, actor_id, action, metadata) VALUES ('ed0af098-4276-442c-9ba5-f72cde074706', 'de56115e-ae3c-4f35-a62e-f32dd10fcfae', 'a7441767-be80-4345-b558-322c91085c36', 'PAYMENT_PROOF_UPLOADED', '{}') ON CONFLICT DO NOTHING;
INSERT INTO public.audit_logs (id, transaction_id, actor_id, action, metadata) VALUES ('ae95cce0-f5fc-4425-84db-c223611253b3', 'de56115e-ae3c-4f35-a62e-f32dd10fcfae', '00000000-0000-0000-0000-000000000001', 'PAYMENT_APPROVED_BY_ADMIN', '{}') ON CONFLICT DO NOTHING;
INSERT INTO public.audit_logs (id, transaction_id, actor_id, action, metadata) VALUES ('235db9b2-6540-4e23-a9a0-6869be23a5c0', '7a15c7e5-74e7-40cb-95d7-9c01ad2ef961', '152d3037-fd80-410f-aefd-630ca4523ed5', 'TRANSACTION_CREATED', '{"amount":300000}') ON CONFLICT DO NOTHING;
INSERT INTO public.audit_logs (id, transaction_id, actor_id, action, metadata) VALUES ('56e658ad-f991-411e-8584-d715ca88a5a2', '7a15c7e5-74e7-40cb-95d7-9c01ad2ef961', '906b1335-a803-4c8e-9bce-56399b8b03b9', 'TRANSACTION_ACCEPTED_BY_BUYER', '{}') ON CONFLICT DO NOTHING;
INSERT INTO public.audit_logs (id, transaction_id, actor_id, action, metadata) VALUES ('08ab0240-4114-40fa-9d0b-a77bb704b102', '7a15c7e5-74e7-40cb-95d7-9c01ad2ef961', '906b1335-a803-4c8e-9bce-56399b8b03b9', 'PAYMENT_PROOF_UPLOADED', '{}') ON CONFLICT DO NOTHING;
INSERT INTO public.audit_logs (id, transaction_id, actor_id, action, metadata) VALUES ('5a2e419e-0dda-497c-8e2e-9842a0189bad', '7a15c7e5-74e7-40cb-95d7-9c01ad2ef961', '00000000-0000-0000-0000-000000000001', 'PAYMENT_APPROVED_BY_ADMIN', '{}') ON CONFLICT DO NOTHING;
INSERT INTO public.audit_logs (id, transaction_id, actor_id, action, metadata) VALUES ('eea2633c-cd14-4959-9c22-8d108f1f301e', '7a15c7e5-74e7-40cb-95d7-9c01ad2ef961', '152d3037-fd80-410f-aefd-630ca4523ed5', 'SELLER_DELIVERY_SUBMITTED', '{}') ON CONFLICT DO NOTHING;
INSERT INTO public.audit_logs (id, transaction_id, actor_id, action, metadata) VALUES ('c65b52b8-c284-4505-bc1a-00f16149f9ac', '7a15c7e5-74e7-40cb-95d7-9c01ad2ef961', '152d3037-fd80-410f-aefd-630ca4523ed5', 'DISPUTE_RAISED', '{"reason":"Barang tidak sesuai"}') ON CONFLICT DO NOTHING;
INSERT INTO public.audit_logs (id, transaction_id, actor_id, action, metadata) VALUES ('83c4c796-48a6-450b-a685-4e081e9c23fd', '244a98b3-40e1-4a0d-8f83-0edc3ffe4a97', 'cde47143-fe35-4043-95ed-3e482851675b', 'TRANSACTION_CREATED', '{"amount":600000}') ON CONFLICT DO NOTHING;
INSERT INTO public.audit_logs (id, transaction_id, actor_id, action, metadata) VALUES ('4eac68e8-890a-4502-8826-6d408e9c082e', '244a98b3-40e1-4a0d-8f83-0edc3ffe4a97', '152d3037-fd80-410f-aefd-630ca4523ed5', 'TRANSACTION_ACCEPTED_BY_BUYER', '{}') ON CONFLICT DO NOTHING;
INSERT INTO public.audit_logs (id, transaction_id, actor_id, action, metadata) VALUES ('d4dc786a-153e-408b-ad4c-399bcecf9d23', 'a89d74c8-e659-4546-8f11-635838001048', '4bb27f68-2975-4578-bc18-ca167df59b3a', 'TRANSACTION_CREATED', '{"amount":2300000}') ON CONFLICT DO NOTHING;
INSERT INTO public.audit_logs (id, transaction_id, actor_id, action, metadata) VALUES ('433de078-eaa9-4a7a-a08c-ccd350886ff7', 'a89d74c8-e659-4546-8f11-635838001048', '803e31ef-1815-43cd-95f1-fcae2c075643', 'TRANSACTION_ACCEPTED_BY_BUYER', '{}') ON CONFLICT DO NOTHING;
INSERT INTO public.audit_logs (id, transaction_id, actor_id, action, metadata) VALUES ('a145f3d7-b42c-49f4-b9de-4e0c2b0ad18c', 'a89d74c8-e659-4546-8f11-635838001048', '803e31ef-1815-43cd-95f1-fcae2c075643', 'PAYMENT_PROOF_UPLOADED', '{}') ON CONFLICT DO NOTHING;
INSERT INTO public.audit_logs (id, transaction_id, actor_id, action, metadata) VALUES ('2926be4a-c1ff-4533-8fa0-c297b2ac0497', 'a89d74c8-e659-4546-8f11-635838001048', '00000000-0000-0000-0000-000000000001', 'PAYMENT_APPROVED_BY_ADMIN', '{}') ON CONFLICT DO NOTHING;
INSERT INTO public.audit_logs (id, transaction_id, actor_id, action, metadata) VALUES ('48ed11ec-9a89-46e1-a882-651d51d69506', 'a89d74c8-e659-4546-8f11-635838001048', '4bb27f68-2975-4578-bc18-ca167df59b3a', 'SELLER_DELIVERY_SUBMITTED', '{}') ON CONFLICT DO NOTHING;
INSERT INTO public.audit_logs (id, transaction_id, actor_id, action, metadata) VALUES ('5eb9c98b-8baa-4903-95bd-39ef65a14cae', 'a89d74c8-e659-4546-8f11-635838001048', '803e31ef-1815-43cd-95f1-fcae2c075643', 'BUYER_CONFIRMED_DELIVERY', '{}') ON CONFLICT DO NOTHING;
INSERT INTO public.audit_logs (id, transaction_id, actor_id, action, metadata) VALUES ('5e31ea71-c632-4f2b-87da-adf66c27d3f1', 'baebd150-7807-4b52-b780-66a135b0c284', 'ba761db4-149b-4116-960d-493b0ba777f7', 'TRANSACTION_CREATED', '{"amount":2300000}') ON CONFLICT DO NOTHING;
INSERT INTO public.audit_logs (id, transaction_id, actor_id, action, metadata) VALUES ('05b41719-d953-4999-aed3-421f153d39a6', 'baebd150-7807-4b52-b780-66a135b0c284', 'a7441767-be80-4345-b558-322c91085c36', 'TRANSACTION_ACCEPTED_BY_BUYER', '{}') ON CONFLICT DO NOTHING;
INSERT INTO public.audit_logs (id, transaction_id, actor_id, action, metadata) VALUES ('e99e8423-0058-49f1-9f73-b28b2b45b390', 'baebd150-7807-4b52-b780-66a135b0c284', 'a7441767-be80-4345-b558-322c91085c36', 'PAYMENT_PROOF_UPLOADED', '{}') ON CONFLICT DO NOTHING;
INSERT INTO public.audit_logs (id, transaction_id, actor_id, action, metadata) VALUES ('341b3c41-b982-45fb-b744-3cb98c0cfeb7', 'afa8c4da-9e86-4b26-b0b4-7700400dc6be', '803e31ef-1815-43cd-95f1-fcae2c075643', 'TRANSACTION_CREATED', '{"amount":1000000}') ON CONFLICT DO NOTHING;
INSERT INTO public.audit_logs (id, transaction_id, actor_id, action, metadata) VALUES ('68ee56e5-a987-428d-9236-a77d192893d2', 'afa8c4da-9e86-4b26-b0b4-7700400dc6be', '4bb27f68-2975-4578-bc18-ca167df59b3a', 'TRANSACTION_ACCEPTED_BY_BUYER', '{}') ON CONFLICT DO NOTHING;
INSERT INTO public.audit_logs (id, transaction_id, actor_id, action, metadata) VALUES ('a51ca762-5cae-4e99-8dad-e38d1eb2dbdc', 'afa8c4da-9e86-4b26-b0b4-7700400dc6be', '4bb27f68-2975-4578-bc18-ca167df59b3a', 'PAYMENT_PROOF_UPLOADED', '{}') ON CONFLICT DO NOTHING;
INSERT INTO public.audit_logs (id, transaction_id, actor_id, action, metadata) VALUES ('febaf075-979e-4711-98a6-8ca27db5f5e4', 'afa8c4da-9e86-4b26-b0b4-7700400dc6be', '00000000-0000-0000-0000-000000000001', 'PAYMENT_APPROVED_BY_ADMIN', '{}') ON CONFLICT DO NOTHING;
INSERT INTO public.audit_logs (id, transaction_id, actor_id, action, metadata) VALUES ('f2dd116b-e962-4a1b-a901-f5864daea27e', 'afa8c4da-9e86-4b26-b0b4-7700400dc6be', '803e31ef-1815-43cd-95f1-fcae2c075643', 'SELLER_DELIVERY_SUBMITTED', '{}') ON CONFLICT DO NOTHING;
INSERT INTO public.audit_logs (id, transaction_id, actor_id, action, metadata) VALUES ('74ae3746-39f0-422f-90f9-1556b405f1d1', 'afa8c4da-9e86-4b26-b0b4-7700400dc6be', '4bb27f68-2975-4578-bc18-ca167df59b3a', 'DISPUTE_RAISED', '{"reason":"Barang tidak sesuai"}') ON CONFLICT DO NOTHING;
INSERT INTO public.audit_logs (id, transaction_id, actor_id, action, metadata) VALUES ('02d83a0a-6b33-48c5-9575-1539a845fbdb', '06b2ba22-f629-408d-a99b-734c2f9e185f', 'a2fe8e86-8779-485b-a000-1d378f6d1c76', 'TRANSACTION_CREATED', '{"amount":1000000}') ON CONFLICT DO NOTHING;
INSERT INTO public.audit_logs (id, transaction_id, actor_id, action, metadata) VALUES ('3094b97d-e10d-4c05-b60f-1a8d5868cc2e', '06b2ba22-f629-408d-a99b-734c2f9e185f', '4bb27f68-2975-4578-bc18-ca167df59b3a', 'TRANSACTION_ACCEPTED_BY_BUYER', '{}') ON CONFLICT DO NOTHING;
INSERT INTO public.audit_logs (id, transaction_id, actor_id, action, metadata) VALUES ('dc9ca385-8558-4dc1-9e4c-2e1d123328f6', '06b2ba22-f629-408d-a99b-734c2f9e185f', '4bb27f68-2975-4578-bc18-ca167df59b3a', 'PAYMENT_PROOF_UPLOADED', '{}') ON CONFLICT DO NOTHING;
INSERT INTO public.audit_logs (id, transaction_id, actor_id, action, metadata) VALUES ('45a7cba1-1cf5-44db-a9ad-07876d49ba9b', '06b2ba22-f629-408d-a99b-734c2f9e185f', '00000000-0000-0000-0000-000000000001', 'PAYMENT_APPROVED_BY_ADMIN', '{}') ON CONFLICT DO NOTHING;
INSERT INTO public.audit_logs (id, transaction_id, actor_id, action, metadata) VALUES ('bfaba950-3c31-45c9-9d47-0e6c4109bd6c', '06b2ba22-f629-408d-a99b-734c2f9e185f', 'a2fe8e86-8779-485b-a000-1d378f6d1c76', 'SELLER_DELIVERY_SUBMITTED', '{}') ON CONFLICT DO NOTHING;
INSERT INTO public.audit_logs (id, transaction_id, actor_id, action, metadata) VALUES ('aa5c2e07-c616-49d4-ae0b-e6706450c06f', '06b2ba22-f629-408d-a99b-734c2f9e185f', '4bb27f68-2975-4578-bc18-ca167df59b3a', 'BUYER_CONFIRMED_DELIVERY', '{}') ON CONFLICT DO NOTHING;
INSERT INTO public.audit_logs (id, transaction_id, actor_id, action, metadata) VALUES ('3e7314c3-4195-4a5b-a5c6-74119eb9480d', '06b2ba22-f629-408d-a99b-734c2f9e185f', '00000000-0000-0000-0000-000000000001', 'FUNDS_RELEASED_BY_ADMIN', '{}') ON CONFLICT DO NOTHING;
INSERT INTO public.audit_logs (id, transaction_id, actor_id, action, metadata) VALUES ('1fdb93b8-4777-4445-989d-fe9fe70677bc', '1a940fd6-774d-4a1e-815b-9089022e8dd8', 'a2fe8e86-8779-485b-a000-1d378f6d1c76', 'TRANSACTION_CREATED', '{"amount":1150000}') ON CONFLICT DO NOTHING;
INSERT INTO public.audit_logs (id, transaction_id, actor_id, action, metadata) VALUES ('d332b90c-4b5a-4bdf-b9d4-73556c5c2bdd', '1a940fd6-774d-4a1e-815b-9089022e8dd8', 'c344d611-d40d-421c-bc60-39160693ab78', 'TRANSACTION_ACCEPTED_BY_BUYER', '{}') ON CONFLICT DO NOTHING;
INSERT INTO public.audit_logs (id, transaction_id, actor_id, action, metadata) VALUES ('2b939fec-e018-49e6-89b3-2e28fd0b12f3', '1a940fd6-774d-4a1e-815b-9089022e8dd8', 'c344d611-d40d-421c-bc60-39160693ab78', 'PAYMENT_PROOF_UPLOADED', '{}') ON CONFLICT DO NOTHING;
INSERT INTO public.audit_logs (id, transaction_id, actor_id, action, metadata) VALUES ('b68f3ad7-53b9-48d2-a596-1387f08e4eb1', '1a940fd6-774d-4a1e-815b-9089022e8dd8', '00000000-0000-0000-0000-000000000001', 'PAYMENT_APPROVED_BY_ADMIN', '{}') ON CONFLICT DO NOTHING;
INSERT INTO public.audit_logs (id, transaction_id, actor_id, action, metadata) VALUES ('819774d6-0a9e-4bb9-8657-594402ccfacc', '1a940fd6-774d-4a1e-815b-9089022e8dd8', 'a2fe8e86-8779-485b-a000-1d378f6d1c76', 'SELLER_DELIVERY_SUBMITTED', '{}') ON CONFLICT DO NOTHING;
INSERT INTO public.audit_logs (id, transaction_id, actor_id, action, metadata) VALUES ('5694d5d9-a0bc-4bea-9f7c-b85a44e57815', '1a940fd6-774d-4a1e-815b-9089022e8dd8', 'c344d611-d40d-421c-bc60-39160693ab78', 'BUYER_CONFIRMED_DELIVERY', '{}') ON CONFLICT DO NOTHING;
INSERT INTO public.audit_logs (id, transaction_id, actor_id, action, metadata) VALUES ('f70c183b-78ef-473a-a039-cbfba94a8f4f', '9f729081-13d7-423f-bf20-522d29f93560', 'e7b37fe1-0561-4a94-8312-46c558516af0', 'TRANSACTION_CREATED', '{"amount":750000}') ON CONFLICT DO NOTHING;
INSERT INTO public.audit_logs (id, transaction_id, actor_id, action, metadata) VALUES ('b8548e0b-2bac-4e68-8371-50d792eb6baa', '9f729081-13d7-423f-bf20-522d29f93560', 'fa661a5c-9a30-48f5-8283-f877d71a7e81', 'TRANSACTION_ACCEPTED_BY_BUYER', '{}') ON CONFLICT DO NOTHING;
INSERT INTO public.audit_logs (id, transaction_id, actor_id, action, metadata) VALUES ('b6c35b95-59ea-41ab-b89c-38684f856a5a', '56bb3564-3884-4128-a195-9638f0008b05', 'b4a8a850-5260-4900-89d1-53ab91286d50', 'TRANSACTION_CREATED', '{"amount":1750000}') ON CONFLICT DO NOTHING;
INSERT INTO public.audit_logs (id, transaction_id, actor_id, action, metadata) VALUES ('3eb1d0de-9a07-474a-80f0-71f66176465a', '56bb3564-3884-4128-a195-9638f0008b05', '29939dc5-12c9-4d27-997c-37b928315bae', 'TRANSACTION_ACCEPTED_BY_BUYER', '{}') ON CONFLICT DO NOTHING;
INSERT INTO public.audit_logs (id, transaction_id, actor_id, action, metadata) VALUES ('8d18195b-6c69-4717-8c8b-66630fe72c61', '56bb3564-3884-4128-a195-9638f0008b05', '29939dc5-12c9-4d27-997c-37b928315bae', 'PAYMENT_PROOF_UPLOADED', '{}') ON CONFLICT DO NOTHING;
INSERT INTO public.audit_logs (id, transaction_id, actor_id, action, metadata) VALUES ('b21d68a5-4b53-4799-add7-bffe51b8bf3e', '56bb3564-3884-4128-a195-9638f0008b05', '00000000-0000-0000-0000-000000000001', 'PAYMENT_APPROVED_BY_ADMIN', '{}') ON CONFLICT DO NOTHING;
INSERT INTO public.audit_logs (id, transaction_id, actor_id, action, metadata) VALUES ('c18d8d34-8caf-4323-af6f-dc16d7ba4cf9', '56bb3564-3884-4128-a195-9638f0008b05', 'b4a8a850-5260-4900-89d1-53ab91286d50', 'SELLER_DELIVERY_SUBMITTED', '{}') ON CONFLICT DO NOTHING;
INSERT INTO public.audit_logs (id, transaction_id, actor_id, action, metadata) VALUES ('29b20e78-1815-43ac-9afb-e069f7d5c115', 'fe133988-5929-4516-a036-cdca325a96a2', '10babf16-b20e-4299-acb4-d8795f371980', 'TRANSACTION_CREATED', '{"amount":700000}') ON CONFLICT DO NOTHING;
INSERT INTO public.audit_logs (id, transaction_id, actor_id, action, metadata) VALUES ('56c628e5-c997-4124-89df-d0952ea6c3f0', 'fe133988-5929-4516-a036-cdca325a96a2', '562985ec-dee9-4b64-a5f7-728eab7038f9', 'TRANSACTION_ACCEPTED_BY_BUYER', '{}') ON CONFLICT DO NOTHING;
INSERT INTO public.audit_logs (id, transaction_id, actor_id, action, metadata) VALUES ('f1f42033-bb89-4760-a1ff-1e4e2c7d202f', 'fe133988-5929-4516-a036-cdca325a96a2', '562985ec-dee9-4b64-a5f7-728eab7038f9', 'PAYMENT_PROOF_UPLOADED', '{}') ON CONFLICT DO NOTHING;
INSERT INTO public.audit_logs (id, transaction_id, actor_id, action, metadata) VALUES ('9823cbca-4447-4aed-b2ed-9ac817e9c6b9', 'fe133988-5929-4516-a036-cdca325a96a2', '00000000-0000-0000-0000-000000000001', 'PAYMENT_APPROVED_BY_ADMIN', '{}') ON CONFLICT DO NOTHING;
INSERT INTO public.audit_logs (id, transaction_id, actor_id, action, metadata) VALUES ('debee570-7cec-4e74-831c-838ff2509be2', '940f685b-ff00-49af-92d5-695bd170d7aa', '51afc78d-1770-4c8e-9c13-c2885e998348', 'TRANSACTION_CREATED', '{"amount":1750000}') ON CONFLICT DO NOTHING;
INSERT INTO public.audit_logs (id, transaction_id, actor_id, action, metadata) VALUES ('c534263f-8895-4122-a033-53b393d3e9cf', '940f685b-ff00-49af-92d5-695bd170d7aa', '906b1335-a803-4c8e-9bce-56399b8b03b9', 'TRANSACTION_ACCEPTED_BY_BUYER', '{}') ON CONFLICT DO NOTHING;
INSERT INTO public.audit_logs (id, transaction_id, actor_id, action, metadata) VALUES ('754f9057-39b5-46cf-9aa7-42d1da73c67c', '940f685b-ff00-49af-92d5-695bd170d7aa', '906b1335-a803-4c8e-9bce-56399b8b03b9', 'PAYMENT_PROOF_UPLOADED', '{}') ON CONFLICT DO NOTHING;
INSERT INTO public.audit_logs (id, transaction_id, actor_id, action, metadata) VALUES ('d66daf6d-929b-4209-8f9e-5e356bef48ce', '940f685b-ff00-49af-92d5-695bd170d7aa', '00000000-0000-0000-0000-000000000001', 'PAYMENT_APPROVED_BY_ADMIN', '{}') ON CONFLICT DO NOTHING;
INSERT INTO public.audit_logs (id, transaction_id, actor_id, action, metadata) VALUES ('a6af3a9e-8a58-4587-8a75-5f9558e858df', '940f685b-ff00-49af-92d5-695bd170d7aa', '51afc78d-1770-4c8e-9c13-c2885e998348', 'SELLER_DELIVERY_SUBMITTED', '{}') ON CONFLICT DO NOTHING;
INSERT INTO public.audit_logs (id, transaction_id, actor_id, action, metadata) VALUES ('b41e143a-fc09-48fd-9677-052c9427892b', '940f685b-ff00-49af-92d5-695bd170d7aa', '906b1335-a803-4c8e-9bce-56399b8b03b9', 'BUYER_CONFIRMED_DELIVERY', '{}') ON CONFLICT DO NOTHING;
INSERT INTO public.audit_logs (id, transaction_id, actor_id, action, metadata) VALUES ('a6e8c171-7485-43cc-8d82-8ac6575d5d31', '940f685b-ff00-49af-92d5-695bd170d7aa', '00000000-0000-0000-0000-000000000001', 'FUNDS_RELEASED_BY_ADMIN', '{}') ON CONFLICT DO NOTHING;
INSERT INTO public.audit_logs (id, transaction_id, actor_id, action, metadata) VALUES ('10abc571-1ece-41bd-b8e7-fd38f63a9cf5', '9c5933bf-80f3-42c7-9851-0186fccd1da0', '0c45e5c7-af97-4e61-b988-a047a6b8f435', 'TRANSACTION_CREATED', '{"amount":2350000}') ON CONFLICT DO NOTHING;
INSERT INTO public.audit_logs (id, transaction_id, actor_id, action, metadata) VALUES ('d89d9756-555b-446a-bba5-ddead2c9d5df', '9c5933bf-80f3-42c7-9851-0186fccd1da0', 'a7441767-be80-4345-b558-322c91085c36', 'TRANSACTION_ACCEPTED_BY_BUYER', '{}') ON CONFLICT DO NOTHING;
INSERT INTO public.audit_logs (id, transaction_id, actor_id, action, metadata) VALUES ('1d534996-11ac-4068-bace-3f5109d55bed', '9910bfcc-2cf5-46e4-8fd1-02086481a5c8', 'ce818fe7-14dd-46d1-947b-6ddf45d33da6', 'TRANSACTION_CREATED', '{"amount":1650000}') ON CONFLICT DO NOTHING;
INSERT INTO public.audit_logs (id, transaction_id, actor_id, action, metadata) VALUES ('5ce11290-5f00-4424-91a5-174431f581ee', '9910bfcc-2cf5-46e4-8fd1-02086481a5c8', '803e31ef-1815-43cd-95f1-fcae2c075643', 'TRANSACTION_ACCEPTED_BY_BUYER', '{}') ON CONFLICT DO NOTHING;
INSERT INTO public.audit_logs (id, transaction_id, actor_id, action, metadata) VALUES ('d839aba7-674d-4add-8399-8423c0604dcb', '9910bfcc-2cf5-46e4-8fd1-02086481a5c8', '803e31ef-1815-43cd-95f1-fcae2c075643', 'PAYMENT_PROOF_UPLOADED', '{}') ON CONFLICT DO NOTHING;
INSERT INTO public.audit_logs (id, transaction_id, actor_id, action, metadata) VALUES ('c3dcbcc8-0816-485f-a8b8-12ef88835f90', '9910bfcc-2cf5-46e4-8fd1-02086481a5c8', '00000000-0000-0000-0000-000000000001', 'PAYMENT_APPROVED_BY_ADMIN', '{}') ON CONFLICT DO NOTHING;
INSERT INTO public.audit_logs (id, transaction_id, actor_id, action, metadata) VALUES ('689efafc-d6c9-43e6-97cf-b54151d2a42c', '9910bfcc-2cf5-46e4-8fd1-02086481a5c8', 'ce818fe7-14dd-46d1-947b-6ddf45d33da6', 'SELLER_DELIVERY_SUBMITTED', '{}') ON CONFLICT DO NOTHING;
INSERT INTO public.audit_logs (id, transaction_id, actor_id, action, metadata) VALUES ('3aff4231-1554-42dd-936e-ff48afc02dbe', '9910bfcc-2cf5-46e4-8fd1-02086481a5c8', 'ce818fe7-14dd-46d1-947b-6ddf45d33da6', 'DISPUTE_RAISED', '{"reason":"Barang tidak sesuai"}') ON CONFLICT DO NOTHING;
INSERT INTO public.audit_logs (id, transaction_id, actor_id, action, metadata) VALUES ('77b50ae5-95f4-4653-964a-0bf892ccead6', 'ab5559e6-a6d9-413e-bf98-0429696ededc', '584b0a9c-cf2b-4425-8fb4-c399524f488b', 'TRANSACTION_CREATED', '{"amount":1500000}') ON CONFLICT DO NOTHING;
INSERT INTO public.audit_logs (id, transaction_id, actor_id, action, metadata) VALUES ('0631a27c-a83e-4646-8961-d44a096ed162', 'ab5559e6-a6d9-413e-bf98-0429696ededc', '29939dc5-12c9-4d27-997c-37b928315bae', 'TRANSACTION_ACCEPTED_BY_BUYER', '{}') ON CONFLICT DO NOTHING;
INSERT INTO public.audit_logs (id, transaction_id, actor_id, action, metadata) VALUES ('b3f4f8cd-837d-4ace-91e4-13d4bda78088', 'ab5559e6-a6d9-413e-bf98-0429696ededc', '29939dc5-12c9-4d27-997c-37b928315bae', 'PAYMENT_PROOF_UPLOADED', '{}') ON CONFLICT DO NOTHING;
INSERT INTO public.audit_logs (id, transaction_id, actor_id, action, metadata) VALUES ('5e25125b-3561-4c6e-a634-d74c8e20e24f', 'ab5559e6-a6d9-413e-bf98-0429696ededc', '00000000-0000-0000-0000-000000000001', 'PAYMENT_APPROVED_BY_ADMIN', '{}') ON CONFLICT DO NOTHING;
INSERT INTO public.audit_logs (id, transaction_id, actor_id, action, metadata) VALUES ('fa28f297-d66e-42b4-a97d-66b82df3cab4', 'ab5559e6-a6d9-413e-bf98-0429696ededc', '584b0a9c-cf2b-4425-8fb4-c399524f488b', 'SELLER_DELIVERY_SUBMITTED', '{}') ON CONFLICT DO NOTHING;
INSERT INTO public.audit_logs (id, transaction_id, actor_id, action, metadata) VALUES ('cb1a833c-d0ae-4cde-995d-df74673777c1', 'ab5559e6-a6d9-413e-bf98-0429696ededc', '29939dc5-12c9-4d27-997c-37b928315bae', 'BUYER_CONFIRMED_DELIVERY', '{}') ON CONFLICT DO NOTHING;
INSERT INTO public.audit_logs (id, transaction_id, actor_id, action, metadata) VALUES ('16c5753d-b0a4-40a4-9d3c-b9f4e7d4ef24', 'ab5559e6-a6d9-413e-bf98-0429696ededc', '00000000-0000-0000-0000-000000000001', 'FUNDS_RELEASED_BY_ADMIN', '{}') ON CONFLICT DO NOTHING;
INSERT INTO public.audit_logs (id, transaction_id, actor_id, action, metadata) VALUES ('d5fd15cb-043c-46fc-b371-2157b839200b', '8fde31c0-6fff-4e16-a758-3e1c42660882', 'e7b37fe1-0561-4a94-8312-46c558516af0', 'TRANSACTION_CREATED', '{"amount":200000}') ON CONFLICT DO NOTHING;
INSERT INTO public.audit_logs (id, transaction_id, actor_id, action, metadata) VALUES ('bf273b05-bc4f-45e1-81a9-cc3f579eea70', '8fde31c0-6fff-4e16-a758-3e1c42660882', 'ce818fe7-14dd-46d1-947b-6ddf45d33da6', 'TRANSACTION_ACCEPTED_BY_BUYER', '{}') ON CONFLICT DO NOTHING;
INSERT INTO public.audit_logs (id, transaction_id, actor_id, action, metadata) VALUES ('f5b1b157-5778-4c50-92e2-0c55f3a059b4', '8fde31c0-6fff-4e16-a758-3e1c42660882', 'ce818fe7-14dd-46d1-947b-6ddf45d33da6', 'PAYMENT_PROOF_UPLOADED', '{}') ON CONFLICT DO NOTHING;
INSERT INTO public.audit_logs (id, transaction_id, actor_id, action, metadata) VALUES ('8f149843-8f26-4be1-9e32-bcae321a3049', 'b1c4ed57-b104-4648-8e66-beff60e6d474', 'cde47143-fe35-4043-95ed-3e482851675b', 'TRANSACTION_CREATED', '{"amount":550000}') ON CONFLICT DO NOTHING;
INSERT INTO public.audit_logs (id, transaction_id, actor_id, action, metadata) VALUES ('4d7c0de3-29e6-4f37-bdde-6bbf17c6ae77', '902bd01b-4f8b-4c2f-b605-51d30dafaaf4', 'b4a8a850-5260-4900-89d1-53ab91286d50', 'TRANSACTION_CREATED', '{"amount":1500000}') ON CONFLICT DO NOTHING;
INSERT INTO public.audit_logs (id, transaction_id, actor_id, action, metadata) VALUES ('80900b1f-3a53-45aa-a1a4-f2b7babdaf03', '902bd01b-4f8b-4c2f-b605-51d30dafaaf4', '152d3037-fd80-410f-aefd-630ca4523ed5', 'TRANSACTION_ACCEPTED_BY_BUYER', '{}') ON CONFLICT DO NOTHING;
INSERT INTO public.audit_logs (id, transaction_id, actor_id, action, metadata) VALUES ('26f9acfb-02ed-442b-a0a8-e4118990e6d7', '3d376217-78fc-43d2-98f9-59780cb6419e', '4bb27f68-2975-4578-bc18-ca167df59b3a', 'TRANSACTION_CREATED', '{"amount":750000}') ON CONFLICT DO NOTHING;
INSERT INTO public.audit_logs (id, transaction_id, actor_id, action, metadata) VALUES ('5a5f6222-9cc1-4142-b4d3-7a2c9151e92f', '3d376217-78fc-43d2-98f9-59780cb6419e', '152d3037-fd80-410f-aefd-630ca4523ed5', 'TRANSACTION_ACCEPTED_BY_BUYER', '{}') ON CONFLICT DO NOTHING;
INSERT INTO public.audit_logs (id, transaction_id, actor_id, action, metadata) VALUES ('0cfa4a95-37bb-4bed-8012-5509b3c508b3', '3d376217-78fc-43d2-98f9-59780cb6419e', '152d3037-fd80-410f-aefd-630ca4523ed5', 'PAYMENT_PROOF_UPLOADED', '{}') ON CONFLICT DO NOTHING;
INSERT INTO public.audit_logs (id, transaction_id, actor_id, action, metadata) VALUES ('ebb8c4fb-ed2d-43c9-ab33-c115263ad924', '3d376217-78fc-43d2-98f9-59780cb6419e', '00000000-0000-0000-0000-000000000001', 'PAYMENT_APPROVED_BY_ADMIN', '{}') ON CONFLICT DO NOTHING;
INSERT INTO public.audit_logs (id, transaction_id, actor_id, action, metadata) VALUES ('f1e6525d-80d3-4b1c-a07c-cf83eaa609b8', '3d376217-78fc-43d2-98f9-59780cb6419e', '4bb27f68-2975-4578-bc18-ca167df59b3a', 'SELLER_DELIVERY_SUBMITTED', '{}') ON CONFLICT DO NOTHING;
INSERT INTO public.audit_logs (id, transaction_id, actor_id, action, metadata) VALUES ('82138dda-552f-4ec1-9c6a-f5327897284b', 'cb9de480-a5b3-4482-9554-71695e8bebb5', 'c344d611-d40d-421c-bc60-39160693ab78', 'TRANSACTION_CREATED', '{"amount":1250000}') ON CONFLICT DO NOTHING;
INSERT INTO public.audit_logs (id, transaction_id, actor_id, action, metadata) VALUES ('0a9cff1f-eed0-4664-aad8-966d09dd971f', 'cb9de480-a5b3-4482-9554-71695e8bebb5', 'fa661a5c-9a30-48f5-8283-f877d71a7e81', 'TRANSACTION_ACCEPTED_BY_BUYER', '{}') ON CONFLICT DO NOTHING;
INSERT INTO public.audit_logs (id, transaction_id, actor_id, action, metadata) VALUES ('9c1830a2-f7e5-478d-ab0f-7830fd902aa8', 'cb9de480-a5b3-4482-9554-71695e8bebb5', 'fa661a5c-9a30-48f5-8283-f877d71a7e81', 'PAYMENT_PROOF_UPLOADED', '{}') ON CONFLICT DO NOTHING;
INSERT INTO public.audit_logs (id, transaction_id, actor_id, action, metadata) VALUES ('7235e5f6-e7b5-4f41-a229-db8c431678fc', 'cb9de480-a5b3-4482-9554-71695e8bebb5', '00000000-0000-0000-0000-000000000001', 'PAYMENT_APPROVED_BY_ADMIN', '{}') ON CONFLICT DO NOTHING;
INSERT INTO public.audit_logs (id, transaction_id, actor_id, action, metadata) VALUES ('3e0af3fb-a37e-46d3-8882-f07426e18bb0', 'cb9de480-a5b3-4482-9554-71695e8bebb5', 'c344d611-d40d-421c-bc60-39160693ab78', 'SELLER_DELIVERY_SUBMITTED', '{}') ON CONFLICT DO NOTHING;
INSERT INTO public.audit_logs (id, transaction_id, actor_id, action, metadata) VALUES ('49000260-efc7-469b-a8b3-5d23632b36be', 'cb9de480-a5b3-4482-9554-71695e8bebb5', 'fa661a5c-9a30-48f5-8283-f877d71a7e81', 'DISPUTE_RAISED', '{"reason":"Barang tidak sesuai"}') ON CONFLICT DO NOTHING;
INSERT INTO public.audit_logs (id, transaction_id, actor_id, action, metadata) VALUES ('86fd8888-6d4a-4d90-b384-071779f81c5d', 'cb9de480-a5b3-4482-9554-71695e8bebb5', '00000000-0000-0000-0000-000000000001', 'DISPUTE_RESOLVED', '{"resolution":"REFUND_TO_BUYER"}') ON CONFLICT DO NOTHING;
INSERT INTO public.audit_logs (id, transaction_id, actor_id, action, metadata) VALUES ('b22533c7-e048-4693-a4da-9ae3500aac31', '6b9b394c-5bb6-48b7-96f0-ba0ca11a7224', 'cde47143-fe35-4043-95ed-3e482851675b', 'TRANSACTION_CREATED', '{"amount":2400000}') ON CONFLICT DO NOTHING;
INSERT INTO public.audit_logs (id, transaction_id, actor_id, action, metadata) VALUES ('c2f5ad05-ccef-4751-bcfd-0ff5fcef45c8', '6b9b394c-5bb6-48b7-96f0-ba0ca11a7224', 'ce818fe7-14dd-46d1-947b-6ddf45d33da6', 'TRANSACTION_ACCEPTED_BY_BUYER', '{}') ON CONFLICT DO NOTHING;
INSERT INTO public.audit_logs (id, transaction_id, actor_id, action, metadata) VALUES ('47d123a0-4851-4ba6-9a1b-4a82741ba03c', '29c099db-5a83-49cd-b3d0-1b0c58a1796a', 'ce818fe7-14dd-46d1-947b-6ddf45d33da6', 'TRANSACTION_CREATED', '{"amount":200000}') ON CONFLICT DO NOTHING;
INSERT INTO public.audit_logs (id, transaction_id, actor_id, action, metadata) VALUES ('cc0171f3-43b2-4672-bb3f-24cc783dce40', '29c099db-5a83-49cd-b3d0-1b0c58a1796a', '152d3037-fd80-410f-aefd-630ca4523ed5', 'TRANSACTION_ACCEPTED_BY_BUYER', '{}') ON CONFLICT DO NOTHING;
INSERT INTO public.audit_logs (id, transaction_id, actor_id, action, metadata) VALUES ('8a07d89b-019a-4be5-96f5-6f194b588db3', '748b2321-e554-45ef-bb40-35192cf2c11f', '0c45e5c7-af97-4e61-b988-a047a6b8f435', 'TRANSACTION_CREATED', '{"amount":2150000}') ON CONFLICT DO NOTHING;
INSERT INTO public.audit_logs (id, transaction_id, actor_id, action, metadata) VALUES ('9f41a31d-aa38-42e9-b446-a457c09331bd', '748b2321-e554-45ef-bb40-35192cf2c11f', 'ce818fe7-14dd-46d1-947b-6ddf45d33da6', 'TRANSACTION_ACCEPTED_BY_BUYER', '{}') ON CONFLICT DO NOTHING;
INSERT INTO public.audit_logs (id, transaction_id, actor_id, action, metadata) VALUES ('08c5ef7b-bc0b-4109-bdff-e7975f994f68', '748b2321-e554-45ef-bb40-35192cf2c11f', 'ce818fe7-14dd-46d1-947b-6ddf45d33da6', 'PAYMENT_PROOF_UPLOADED', '{}') ON CONFLICT DO NOTHING;
INSERT INTO public.audit_logs (id, transaction_id, actor_id, action, metadata) VALUES ('ca4524f7-0ebb-4d97-9e1a-cb6c22bc1156', '748b2321-e554-45ef-bb40-35192cf2c11f', '00000000-0000-0000-0000-000000000001', 'PAYMENT_APPROVED_BY_ADMIN', '{}') ON CONFLICT DO NOTHING;
INSERT INTO public.audit_logs (id, transaction_id, actor_id, action, metadata) VALUES ('7123e6a7-61e7-4e26-8026-0b4322526a7a', '748b2321-e554-45ef-bb40-35192cf2c11f', '0c45e5c7-af97-4e61-b988-a047a6b8f435', 'SELLER_DELIVERY_SUBMITTED', '{}') ON CONFLICT DO NOTHING;
INSERT INTO public.audit_logs (id, transaction_id, actor_id, action, metadata) VALUES ('ad0ee0bb-c309-414c-9f0b-ebe227c2ca4b', '748b2321-e554-45ef-bb40-35192cf2c11f', '0c45e5c7-af97-4e61-b988-a047a6b8f435', 'DISPUTE_RAISED', '{"reason":"Barang tidak sesuai"}') ON CONFLICT DO NOTHING;
INSERT INTO public.audit_logs (id, transaction_id, actor_id, action, metadata) VALUES ('ca177c1b-6e4a-4035-8f99-85f3845b8b14', '748b2321-e554-45ef-bb40-35192cf2c11f', '00000000-0000-0000-0000-000000000001', 'DISPUTE_RESOLVED', '{"resolution":"REFUND_TO_BUYER"}') ON CONFLICT DO NOTHING;
INSERT INTO public.audit_logs (id, transaction_id, actor_id, action, metadata) VALUES ('819d3883-1acd-46c7-a8e7-fb975d9e16d0', '7de90756-a260-4bd8-8a65-8fc09da5b839', '584b0a9c-cf2b-4425-8fb4-c399524f488b', 'TRANSACTION_CREATED', '{"amount":2000000}') ON CONFLICT DO NOTHING;
INSERT INTO public.audit_logs (id, transaction_id, actor_id, action, metadata) VALUES ('5a36d5fa-e8f8-4ae8-aa3a-a55b9796eef5', '7de90756-a260-4bd8-8a65-8fc09da5b839', '906b1335-a803-4c8e-9bce-56399b8b03b9', 'TRANSACTION_ACCEPTED_BY_BUYER', '{}') ON CONFLICT DO NOTHING;
INSERT INTO public.audit_logs (id, transaction_id, actor_id, action, metadata) VALUES ('493a65d2-daf2-4844-9f8e-19f24b5a056b', '7de90756-a260-4bd8-8a65-8fc09da5b839', '906b1335-a803-4c8e-9bce-56399b8b03b9', 'PAYMENT_PROOF_UPLOADED', '{}') ON CONFLICT DO NOTHING;
INSERT INTO public.audit_logs (id, transaction_id, actor_id, action, metadata) VALUES ('b94fab34-2ea8-40c8-9ef3-ae1055f289af', '7de90756-a260-4bd8-8a65-8fc09da5b839', '00000000-0000-0000-0000-000000000001', 'PAYMENT_APPROVED_BY_ADMIN', '{}') ON CONFLICT DO NOTHING;
INSERT INTO public.audit_logs (id, transaction_id, actor_id, action, metadata) VALUES ('b362fc9b-2b6c-406b-b87d-2ea041cdbeb5', '7de90756-a260-4bd8-8a65-8fc09da5b839', '584b0a9c-cf2b-4425-8fb4-c399524f488b', 'SELLER_DELIVERY_SUBMITTED', '{}') ON CONFLICT DO NOTHING;
INSERT INTO public.audit_logs (id, transaction_id, actor_id, action, metadata) VALUES ('9772500a-ad44-43e9-a097-6d17ed87d35c', '82f2183c-0550-441c-a0b9-2f01701bf223', 'a2fe8e86-8779-485b-a000-1d378f6d1c76', 'TRANSACTION_CREATED', '{"amount":1900000}') ON CONFLICT DO NOTHING;
INSERT INTO public.audit_logs (id, transaction_id, actor_id, action, metadata) VALUES ('4c1fbd93-0dd1-4ac6-830f-1901ecc5731a', '82f2183c-0550-441c-a0b9-2f01701bf223', '0c45e5c7-af97-4e61-b988-a047a6b8f435', 'TRANSACTION_ACCEPTED_BY_BUYER', '{}') ON CONFLICT DO NOTHING;
INSERT INTO public.audit_logs (id, transaction_id, actor_id, action, metadata) VALUES ('b1eb326c-0a79-4ba8-8bca-1a2a290c366e', '82f2183c-0550-441c-a0b9-2f01701bf223', '0c45e5c7-af97-4e61-b988-a047a6b8f435', 'PAYMENT_PROOF_UPLOADED', '{}') ON CONFLICT DO NOTHING;
INSERT INTO public.audit_logs (id, transaction_id, actor_id, action, metadata) VALUES ('4167bcd2-8b8e-4c5a-8635-181642ae315c', '82f2183c-0550-441c-a0b9-2f01701bf223', '00000000-0000-0000-0000-000000000001', 'PAYMENT_APPROVED_BY_ADMIN', '{}') ON CONFLICT DO NOTHING;
INSERT INTO public.audit_logs (id, transaction_id, actor_id, action, metadata) VALUES ('fb36341a-2d01-4fb6-a18f-a77ead49215e', '9bd5e7dd-a38b-4674-bdc5-308e30b1ab09', '4bb27f68-2975-4578-bc18-ca167df59b3a', 'TRANSACTION_CREATED', '{"amount":2150000}') ON CONFLICT DO NOTHING;
INSERT INTO public.audit_logs (id, transaction_id, actor_id, action, metadata) VALUES ('0cd72e9f-d96c-4730-af43-71236984eec5', '9bd5e7dd-a38b-4674-bdc5-308e30b1ab09', '584b0a9c-cf2b-4425-8fb4-c399524f488b', 'TRANSACTION_ACCEPTED_BY_BUYER', '{}') ON CONFLICT DO NOTHING;
INSERT INTO public.audit_logs (id, transaction_id, actor_id, action, metadata) VALUES ('cf8f97c7-3336-42fb-9e43-9ff2e4609fbe', '9bd5e7dd-a38b-4674-bdc5-308e30b1ab09', '584b0a9c-cf2b-4425-8fb4-c399524f488b', 'PAYMENT_PROOF_UPLOADED', '{}') ON CONFLICT DO NOTHING;
INSERT INTO public.audit_logs (id, transaction_id, actor_id, action, metadata) VALUES ('9232b524-3425-4d0b-9d5d-206b890fb70e', '99b68eef-df9f-4628-a5ce-72ff43fdb15d', 'e7b37fe1-0561-4a94-8312-46c558516af0', 'TRANSACTION_CREATED', '{"amount":50000}') ON CONFLICT DO NOTHING;
INSERT INTO public.audit_logs (id, transaction_id, actor_id, action, metadata) VALUES ('5403b4ce-ba19-464f-9498-a75f1298c931', '99b68eef-df9f-4628-a5ce-72ff43fdb15d', '51afc78d-1770-4c8e-9c13-c2885e998348', 'TRANSACTION_ACCEPTED_BY_BUYER', '{}') ON CONFLICT DO NOTHING;
INSERT INTO public.audit_logs (id, transaction_id, actor_id, action, metadata) VALUES ('482ae2a4-108f-4ad3-bf06-e86f4b2b93de', '99b68eef-df9f-4628-a5ce-72ff43fdb15d', '51afc78d-1770-4c8e-9c13-c2885e998348', 'PAYMENT_PROOF_UPLOADED', '{}') ON CONFLICT DO NOTHING;
INSERT INTO public.audit_logs (id, transaction_id, actor_id, action, metadata) VALUES ('48a5f840-8c6f-4715-b9d9-88f327fee4b1', '99b68eef-df9f-4628-a5ce-72ff43fdb15d', '00000000-0000-0000-0000-000000000001', 'PAYMENT_APPROVED_BY_ADMIN', '{}') ON CONFLICT DO NOTHING;
INSERT INTO public.audit_logs (id, transaction_id, actor_id, action, metadata) VALUES ('6fc7cce5-c988-4632-9559-0c463bc8a7f2', '99b68eef-df9f-4628-a5ce-72ff43fdb15d', 'e7b37fe1-0561-4a94-8312-46c558516af0', 'SELLER_DELIVERY_SUBMITTED', '{}') ON CONFLICT DO NOTHING;
INSERT INTO public.audit_logs (id, transaction_id, actor_id, action, metadata) VALUES ('3ef588b1-f9f0-4790-96fb-36a35d588c4c', '99b68eef-df9f-4628-a5ce-72ff43fdb15d', '51afc78d-1770-4c8e-9c13-c2885e998348', 'BUYER_CONFIRMED_DELIVERY', '{}') ON CONFLICT DO NOTHING;
INSERT INTO public.audit_logs (id, transaction_id, actor_id, action, metadata) VALUES ('5fa16277-5be7-4694-8a82-cd39d16d38d8', '99b68eef-df9f-4628-a5ce-72ff43fdb15d', '00000000-0000-0000-0000-000000000001', 'FUNDS_RELEASED_BY_ADMIN', '{}') ON CONFLICT DO NOTHING;
INSERT INTO public.audit_logs (id, transaction_id, actor_id, action, metadata) VALUES ('bccfa9de-f84d-45c8-89d3-4966eeda841a', '70ee6edf-8e99-477c-8f69-d0f91534cdca', '906b1335-a803-4c8e-9bce-56399b8b03b9', 'TRANSACTION_CREATED', '{"amount":500000}') ON CONFLICT DO NOTHING;
INSERT INTO public.audit_logs (id, transaction_id, actor_id, action, metadata) VALUES ('19bfe2df-5e5f-4511-855f-c09c5f8e786b', '70ee6edf-8e99-477c-8f69-d0f91534cdca', '562985ec-dee9-4b64-a5f7-728eab7038f9', 'TRANSACTION_ACCEPTED_BY_BUYER', '{}') ON CONFLICT DO NOTHING;
INSERT INTO public.audit_logs (id, transaction_id, actor_id, action, metadata) VALUES ('e87d7a50-e982-4f5c-b369-78d4232b2ea8', '2a96c0cc-0cd2-4fb5-b0ad-a229663a802a', 'a7441767-be80-4345-b558-322c91085c36', 'TRANSACTION_CREATED', '{"amount":900000}') ON CONFLICT DO NOTHING;
INSERT INTO public.audit_logs (id, transaction_id, actor_id, action, metadata) VALUES ('fc802479-d67e-41d2-888d-8d5c1f766ec0', '2a96c0cc-0cd2-4fb5-b0ad-a229663a802a', 'c344d611-d40d-421c-bc60-39160693ab78', 'TRANSACTION_ACCEPTED_BY_BUYER', '{}') ON CONFLICT DO NOTHING;
INSERT INTO public.audit_logs (id, transaction_id, actor_id, action, metadata) VALUES ('97a6bd38-27d4-4863-8e5d-2a6293895504', 'a7bbda23-9e67-4f0c-890d-44aa86b83084', '562985ec-dee9-4b64-a5f7-728eab7038f9', 'TRANSACTION_CREATED', '{"amount":1000000}') ON CONFLICT DO NOTHING;
INSERT INTO public.audit_logs (id, transaction_id, actor_id, action, metadata) VALUES ('271325b0-3e52-413c-8dcf-c59da9dccf9f', 'a7bbda23-9e67-4f0c-890d-44aa86b83084', '152d3037-fd80-410f-aefd-630ca4523ed5', 'TRANSACTION_ACCEPTED_BY_BUYER', '{}') ON CONFLICT DO NOTHING;
INSERT INTO public.audit_logs (id, transaction_id, actor_id, action, metadata) VALUES ('4a5e173e-b217-41d0-9be6-b14e236e86ed', 'a7bbda23-9e67-4f0c-890d-44aa86b83084', '152d3037-fd80-410f-aefd-630ca4523ed5', 'PAYMENT_PROOF_UPLOADED', '{}') ON CONFLICT DO NOTHING;
INSERT INTO public.audit_logs (id, transaction_id, actor_id, action, metadata) VALUES ('52168909-2b4f-44a7-8565-d6dcc286c193', 'a7bbda23-9e67-4f0c-890d-44aa86b83084', '00000000-0000-0000-0000-000000000001', 'PAYMENT_APPROVED_BY_ADMIN', '{}') ON CONFLICT DO NOTHING;
INSERT INTO public.audit_logs (id, transaction_id, actor_id, action, metadata) VALUES ('06f86708-37a4-41f7-881d-84bdeff7dae3', 'a7bbda23-9e67-4f0c-890d-44aa86b83084', '562985ec-dee9-4b64-a5f7-728eab7038f9', 'SELLER_DELIVERY_SUBMITTED', '{}') ON CONFLICT DO NOTHING;
INSERT INTO public.audit_logs (id, transaction_id, actor_id, action, metadata) VALUES ('3c34602a-ca51-4c3e-9063-ab9decfe67cb', 'a7bbda23-9e67-4f0c-890d-44aa86b83084', '152d3037-fd80-410f-aefd-630ca4523ed5', 'DISPUTE_RAISED', '{"reason":"Barang tidak sesuai"}') ON CONFLICT DO NOTHING;
INSERT INTO public.audit_logs (id, transaction_id, actor_id, action, metadata) VALUES ('e890a42c-16bb-45ea-b54e-f4d4a9886d29', '03efff31-c59f-4c05-9d78-2a7c7cbf6d2c', 'e7b37fe1-0561-4a94-8312-46c558516af0', 'TRANSACTION_CREATED', '{"amount":1100000}') ON CONFLICT DO NOTHING;
INSERT INTO public.audit_logs (id, transaction_id, actor_id, action, metadata) VALUES ('b23d2871-38ce-4d7e-b34e-e41f23ddc8e2', '03efff31-c59f-4c05-9d78-2a7c7cbf6d2c', '0c45e5c7-af97-4e61-b988-a047a6b8f435', 'TRANSACTION_ACCEPTED_BY_BUYER', '{}') ON CONFLICT DO NOTHING;
INSERT INTO public.audit_logs (id, transaction_id, actor_id, action, metadata) VALUES ('4f7b4106-f515-44bc-957a-efdb6e4c72f6', '03efff31-c59f-4c05-9d78-2a7c7cbf6d2c', '0c45e5c7-af97-4e61-b988-a047a6b8f435', 'PAYMENT_PROOF_UPLOADED', '{}') ON CONFLICT DO NOTHING;
INSERT INTO public.audit_logs (id, transaction_id, actor_id, action, metadata) VALUES ('1c6fb691-d01b-4a1a-ad21-a702c480dba4', '03efff31-c59f-4c05-9d78-2a7c7cbf6d2c', '00000000-0000-0000-0000-000000000001', 'PAYMENT_APPROVED_BY_ADMIN', '{}') ON CONFLICT DO NOTHING;
INSERT INTO public.audit_logs (id, transaction_id, actor_id, action, metadata) VALUES ('ce925c8b-f018-4dbc-933c-a88b7fb140cf', '03efff31-c59f-4c05-9d78-2a7c7cbf6d2c', 'e7b37fe1-0561-4a94-8312-46c558516af0', 'SELLER_DELIVERY_SUBMITTED', '{}') ON CONFLICT DO NOTHING;
INSERT INTO public.audit_logs (id, transaction_id, actor_id, action, metadata) VALUES ('9b96062d-77ff-491a-9012-afa9c839c3f7', '03efff31-c59f-4c05-9d78-2a7c7cbf6d2c', 'e7b37fe1-0561-4a94-8312-46c558516af0', 'DISPUTE_RAISED', '{"reason":"Barang tidak sesuai"}') ON CONFLICT DO NOTHING;
INSERT INTO public.audit_logs (id, transaction_id, actor_id, action, metadata) VALUES ('855a6259-ce15-4ce1-85d7-c0b338db6b71', '03efff31-c59f-4c05-9d78-2a7c7cbf6d2c', '00000000-0000-0000-0000-000000000001', 'DISPUTE_RESOLVED', '{"resolution":"REFUND_TO_BUYER"}') ON CONFLICT DO NOTHING;
INSERT INTO public.audit_logs (id, transaction_id, actor_id, action, metadata) VALUES ('3dd513cc-2200-4c4e-8d12-186fe921a3c8', 'fc31498e-e4ed-46d0-8396-68a033bfde15', 'c344d611-d40d-421c-bc60-39160693ab78', 'TRANSACTION_CREATED', '{"amount":2350000}') ON CONFLICT DO NOTHING;
INSERT INTO public.audit_logs (id, transaction_id, actor_id, action, metadata) VALUES ('c11306fe-72e1-4758-97d6-c49d8f3f1889', 'fc31498e-e4ed-46d0-8396-68a033bfde15', '906b1335-a803-4c8e-9bce-56399b8b03b9', 'TRANSACTION_ACCEPTED_BY_BUYER', '{}') ON CONFLICT DO NOTHING;
INSERT INTO public.audit_logs (id, transaction_id, actor_id, action, metadata) VALUES ('aac38850-dc6a-41a8-9e31-b14fa5c622d2', 'fc31498e-e4ed-46d0-8396-68a033bfde15', '906b1335-a803-4c8e-9bce-56399b8b03b9', 'PAYMENT_PROOF_UPLOADED', '{}') ON CONFLICT DO NOTHING;
INSERT INTO public.audit_logs (id, transaction_id, actor_id, action, metadata) VALUES ('4e31730e-64eb-4065-81a0-f1d36635fb80', 'fc31498e-e4ed-46d0-8396-68a033bfde15', '00000000-0000-0000-0000-000000000001', 'PAYMENT_APPROVED_BY_ADMIN', '{}') ON CONFLICT DO NOTHING;
INSERT INTO public.audit_logs (id, transaction_id, actor_id, action, metadata) VALUES ('274ab257-af4d-402c-97d0-0d7c3a9d35fa', 'fc31498e-e4ed-46d0-8396-68a033bfde15', 'c344d611-d40d-421c-bc60-39160693ab78', 'SELLER_DELIVERY_SUBMITTED', '{}') ON CONFLICT DO NOTHING;
INSERT INTO public.audit_logs (id, transaction_id, actor_id, action, metadata) VALUES ('e344b84b-b531-47f0-b13a-7018eff289a2', 'fc31498e-e4ed-46d0-8396-68a033bfde15', '906b1335-a803-4c8e-9bce-56399b8b03b9', 'DISPUTE_RAISED', '{"reason":"Barang tidak sesuai"}') ON CONFLICT DO NOTHING;
INSERT INTO public.audit_logs (id, transaction_id, actor_id, action, metadata) VALUES ('d65d54c9-c122-4fb5-9b9d-87c509bdbd13', 'fc31498e-e4ed-46d0-8396-68a033bfde15', '00000000-0000-0000-0000-000000000001', 'DISPUTE_RESOLVED', '{"resolution":"REFUND_TO_BUYER"}') ON CONFLICT DO NOTHING;
INSERT INTO public.audit_logs (id, transaction_id, actor_id, action, metadata) VALUES ('c4800b19-a513-4d53-912b-9f1ff0e26c7d', '901c326a-7984-45bd-9357-63ad7777be81', '0c45e5c7-af97-4e61-b988-a047a6b8f435', 'TRANSACTION_CREATED', '{"amount":2450000}') ON CONFLICT DO NOTHING;
INSERT INTO public.audit_logs (id, transaction_id, actor_id, action, metadata) VALUES ('be9f730e-a162-4ed8-8d44-47cc7207b7bc', '901c326a-7984-45bd-9357-63ad7777be81', '906b1335-a803-4c8e-9bce-56399b8b03b9', 'TRANSACTION_ACCEPTED_BY_BUYER', '{}') ON CONFLICT DO NOTHING;
INSERT INTO public.audit_logs (id, transaction_id, actor_id, action, metadata) VALUES ('f7a47b98-3f32-4e77-be4c-b883bd185842', '11ddc77b-fedf-4d7a-9775-540c62dcd689', 'a7441767-be80-4345-b558-322c91085c36', 'TRANSACTION_CREATED', '{"amount":2100000}') ON CONFLICT DO NOTHING;
INSERT INTO public.audit_logs (id, transaction_id, actor_id, action, metadata) VALUES ('405ac1e5-4f5c-418c-b094-ab276074a42d', '11ddc77b-fedf-4d7a-9775-540c62dcd689', '0c45e5c7-af97-4e61-b988-a047a6b8f435', 'TRANSACTION_ACCEPTED_BY_BUYER', '{}') ON CONFLICT DO NOTHING;
INSERT INTO public.audit_logs (id, transaction_id, actor_id, action, metadata) VALUES ('e98ae1b8-156f-496d-9925-70b7db4bec38', '11ddc77b-fedf-4d7a-9775-540c62dcd689', '0c45e5c7-af97-4e61-b988-a047a6b8f435', 'PAYMENT_PROOF_UPLOADED', '{}') ON CONFLICT DO NOTHING;
INSERT INTO public.audit_logs (id, transaction_id, actor_id, action, metadata) VALUES ('b1aa12c3-5cda-4f58-9a5b-0be43f03854c', '11ddc77b-fedf-4d7a-9775-540c62dcd689', '00000000-0000-0000-0000-000000000001', 'PAYMENT_APPROVED_BY_ADMIN', '{}') ON CONFLICT DO NOTHING;
INSERT INTO public.audit_logs (id, transaction_id, actor_id, action, metadata) VALUES ('dff2e0f2-25ad-4a74-a13d-0b4a712d7a5a', '11ddc77b-fedf-4d7a-9775-540c62dcd689', 'a7441767-be80-4345-b558-322c91085c36', 'SELLER_DELIVERY_SUBMITTED', '{}') ON CONFLICT DO NOTHING;
INSERT INTO public.audit_logs (id, transaction_id, actor_id, action, metadata) VALUES ('ecaedc88-4896-4a35-a5b8-8e2207d2a16a', '11ddc77b-fedf-4d7a-9775-540c62dcd689', '0c45e5c7-af97-4e61-b988-a047a6b8f435', 'BUYER_CONFIRMED_DELIVERY', '{}') ON CONFLICT DO NOTHING;
INSERT INTO public.audit_logs (id, transaction_id, actor_id, action, metadata) VALUES ('96359c12-3f81-4a00-a3a2-1715cb1d679c', '8b1eb7c6-a514-4e06-af24-1097f7be21e4', '562985ec-dee9-4b64-a5f7-728eab7038f9', 'TRANSACTION_CREATED', '{"amount":400000}') ON CONFLICT DO NOTHING;
INSERT INTO public.audit_logs (id, transaction_id, actor_id, action, metadata) VALUES ('3772d9e1-c79b-4262-b4d8-2a7cdcb3bd6b', '8b1eb7c6-a514-4e06-af24-1097f7be21e4', 'a7441767-be80-4345-b558-322c91085c36', 'TRANSACTION_ACCEPTED_BY_BUYER', '{}') ON CONFLICT DO NOTHING;
INSERT INTO public.audit_logs (id, transaction_id, actor_id, action, metadata) VALUES ('5fd0ca24-4b83-4527-8507-cd1d2586ae87', '8b1eb7c6-a514-4e06-af24-1097f7be21e4', 'a7441767-be80-4345-b558-322c91085c36', 'PAYMENT_PROOF_UPLOADED', '{}') ON CONFLICT DO NOTHING;
INSERT INTO public.audit_logs (id, transaction_id, actor_id, action, metadata) VALUES ('f2dbd721-29d3-45b7-bfe2-754b31f352ba', '8b1eb7c6-a514-4e06-af24-1097f7be21e4', '00000000-0000-0000-0000-000000000001', 'PAYMENT_APPROVED_BY_ADMIN', '{}') ON CONFLICT DO NOTHING;
INSERT INTO public.audit_logs (id, transaction_id, actor_id, action, metadata) VALUES ('5e549217-98d6-4133-8a6f-b743db7b21b5', '63232660-376d-4b5b-beff-9663b275ddb3', '51afc78d-1770-4c8e-9c13-c2885e998348', 'TRANSACTION_CREATED', '{"amount":350000}') ON CONFLICT DO NOTHING;
INSERT INTO public.audit_logs (id, transaction_id, actor_id, action, metadata) VALUES ('4d643dd7-b451-4e07-8641-2f61a8538e6c', '63232660-376d-4b5b-beff-9663b275ddb3', '29939dc5-12c9-4d27-997c-37b928315bae', 'TRANSACTION_ACCEPTED_BY_BUYER', '{}') ON CONFLICT DO NOTHING;
INSERT INTO public.audit_logs (id, transaction_id, actor_id, action, metadata) VALUES ('257ba43a-614e-4a0a-b50c-7ffc3872f2f8', '63232660-376d-4b5b-beff-9663b275ddb3', '29939dc5-12c9-4d27-997c-37b928315bae', 'PAYMENT_PROOF_UPLOADED', '{}') ON CONFLICT DO NOTHING;
INSERT INTO public.audit_logs (id, transaction_id, actor_id, action, metadata) VALUES ('1e1dac6d-13fb-40db-9c2a-fc4397d17684', '63232660-376d-4b5b-beff-9663b275ddb3', '00000000-0000-0000-0000-000000000001', 'PAYMENT_APPROVED_BY_ADMIN', '{}') ON CONFLICT DO NOTHING;
INSERT INTO public.audit_logs (id, transaction_id, actor_id, action, metadata) VALUES ('021fc2e5-3841-46d9-9eae-120fd4b9f8b9', '63232660-376d-4b5b-beff-9663b275ddb3', '51afc78d-1770-4c8e-9c13-c2885e998348', 'SELLER_DELIVERY_SUBMITTED', '{}') ON CONFLICT DO NOTHING;
INSERT INTO public.audit_logs (id, transaction_id, actor_id, action, metadata) VALUES ('76a1cd15-4e36-45d7-8de6-0245daf510ed', '63232660-376d-4b5b-beff-9663b275ddb3', '29939dc5-12c9-4d27-997c-37b928315bae', 'BUYER_CONFIRMED_DELIVERY', '{}') ON CONFLICT DO NOTHING;
INSERT INTO public.audit_logs (id, transaction_id, actor_id, action, metadata) VALUES ('233ddd36-35b4-42cb-b578-73a64894b52c', '63232660-376d-4b5b-beff-9663b275ddb3', '00000000-0000-0000-0000-000000000001', 'FUNDS_RELEASED_BY_ADMIN', '{}') ON CONFLICT DO NOTHING;
INSERT INTO public.audit_logs (id, transaction_id, actor_id, action, metadata) VALUES ('4abd3b93-7c45-4c6a-9f13-6d7a954ae671', '8a43472d-4602-469b-893d-8b9adc2f5860', 'e7b37fe1-0561-4a94-8312-46c558516af0', 'TRANSACTION_CREATED', '{"amount":1650000}') ON CONFLICT DO NOTHING;
INSERT INTO public.audit_logs (id, transaction_id, actor_id, action, metadata) VALUES ('78128938-8630-4b8e-9944-6e6ece85ed06', '8a43472d-4602-469b-893d-8b9adc2f5860', '10babf16-b20e-4299-acb4-d8795f371980', 'TRANSACTION_ACCEPTED_BY_BUYER', '{}') ON CONFLICT DO NOTHING;
INSERT INTO public.audit_logs (id, transaction_id, actor_id, action, metadata) VALUES ('dbe7e088-a8bd-4ad0-9db4-27f4d1686921', '8a43472d-4602-469b-893d-8b9adc2f5860', '10babf16-b20e-4299-acb4-d8795f371980', 'PAYMENT_PROOF_UPLOADED', '{}') ON CONFLICT DO NOTHING;
INSERT INTO public.audit_logs (id, transaction_id, actor_id, action, metadata) VALUES ('0cabf46f-e2f7-4ace-9080-fc6f3ca05548', '8a43472d-4602-469b-893d-8b9adc2f5860', '00000000-0000-0000-0000-000000000001', 'PAYMENT_APPROVED_BY_ADMIN', '{}') ON CONFLICT DO NOTHING;
INSERT INTO public.audit_logs (id, transaction_id, actor_id, action, metadata) VALUES ('daeaac0c-701b-446c-9dcf-46dab17e96d1', '8a43472d-4602-469b-893d-8b9adc2f5860', 'e7b37fe1-0561-4a94-8312-46c558516af0', 'SELLER_DELIVERY_SUBMITTED', '{}') ON CONFLICT DO NOTHING;
INSERT INTO public.audit_logs (id, transaction_id, actor_id, action, metadata) VALUES ('0032f012-15ff-4741-b56c-95e8b4d87691', '8a43472d-4602-469b-893d-8b9adc2f5860', '10babf16-b20e-4299-acb4-d8795f371980', 'DISPUTE_RAISED', '{"reason":"Barang tidak sesuai"}') ON CONFLICT DO NOTHING;
INSERT INTO public.audit_logs (id, transaction_id, actor_id, action, metadata) VALUES ('bbea9511-f2c8-4e74-98d6-96e72a923ccb', '695bcb28-c2be-4020-bd5a-e8caf2cb3bf6', '152d3037-fd80-410f-aefd-630ca4523ed5', 'TRANSACTION_CREATED', '{"amount":1800000}') ON CONFLICT DO NOTHING;
INSERT INTO public.audit_logs (id, transaction_id, actor_id, action, metadata) VALUES ('163840bf-2947-4231-bba9-bff933ea242f', '695bcb28-c2be-4020-bd5a-e8caf2cb3bf6', 'c344d611-d40d-421c-bc60-39160693ab78', 'TRANSACTION_ACCEPTED_BY_BUYER', '{}') ON CONFLICT DO NOTHING;
INSERT INTO public.audit_logs (id, transaction_id, actor_id, action, metadata) VALUES ('18b9b3c8-fdef-4cf1-b19e-9d2996d781e9', '695bcb28-c2be-4020-bd5a-e8caf2cb3bf6', 'c344d611-d40d-421c-bc60-39160693ab78', 'PAYMENT_PROOF_UPLOADED', '{}') ON CONFLICT DO NOTHING;
INSERT INTO public.audit_logs (id, transaction_id, actor_id, action, metadata) VALUES ('d05de5da-cff0-44e6-81b0-7db2c23b9d28', '695bcb28-c2be-4020-bd5a-e8caf2cb3bf6', '00000000-0000-0000-0000-000000000001', 'PAYMENT_APPROVED_BY_ADMIN', '{}') ON CONFLICT DO NOTHING;
INSERT INTO public.audit_logs (id, transaction_id, actor_id, action, metadata) VALUES ('1818c078-f710-4659-a692-a830bdf2d4bf', '695bcb28-c2be-4020-bd5a-e8caf2cb3bf6', '152d3037-fd80-410f-aefd-630ca4523ed5', 'SELLER_DELIVERY_SUBMITTED', '{}') ON CONFLICT DO NOTHING;
INSERT INTO public.audit_logs (id, transaction_id, actor_id, action, metadata) VALUES ('539b1a5a-fdbd-47e2-8799-d06e348806fc', '695bcb28-c2be-4020-bd5a-e8caf2cb3bf6', 'c344d611-d40d-421c-bc60-39160693ab78', 'BUYER_CONFIRMED_DELIVERY', '{}') ON CONFLICT DO NOTHING;
INSERT INTO public.audit_logs (id, transaction_id, actor_id, action, metadata) VALUES ('3c6be96f-b52a-4a79-b8c0-0d61481bbd85', '2a37e96d-4c19-4473-8d51-70f908ec492a', 'b4a8a850-5260-4900-89d1-53ab91286d50', 'TRANSACTION_CREATED', '{"amount":2050000}') ON CONFLICT DO NOTHING;
INSERT INTO public.audit_logs (id, transaction_id, actor_id, action, metadata) VALUES ('4480dc18-50b5-4c7c-9f74-a22eb900154a', '2a37e96d-4c19-4473-8d51-70f908ec492a', '10babf16-b20e-4299-acb4-d8795f371980', 'TRANSACTION_ACCEPTED_BY_BUYER', '{}') ON CONFLICT DO NOTHING;
INSERT INTO public.audit_logs (id, transaction_id, actor_id, action, metadata) VALUES ('012744d1-2e9f-4fb7-8248-84e298fad821', '2a37e96d-4c19-4473-8d51-70f908ec492a', '10babf16-b20e-4299-acb4-d8795f371980', 'PAYMENT_PROOF_UPLOADED', '{}') ON CONFLICT DO NOTHING;
INSERT INTO public.audit_logs (id, transaction_id, actor_id, action, metadata) VALUES ('22813508-ca12-444c-b099-9a08667f7f5b', '2a37e96d-4c19-4473-8d51-70f908ec492a', '00000000-0000-0000-0000-000000000001', 'PAYMENT_APPROVED_BY_ADMIN', '{}') ON CONFLICT DO NOTHING;
INSERT INTO public.audit_logs (id, transaction_id, actor_id, action, metadata) VALUES ('9b2a659c-01b6-4427-b227-ad3b6a943453', '2a37e96d-4c19-4473-8d51-70f908ec492a', 'b4a8a850-5260-4900-89d1-53ab91286d50', 'SELLER_DELIVERY_SUBMITTED', '{}') ON CONFLICT DO NOTHING;
INSERT INTO public.audit_logs (id, transaction_id, actor_id, action, metadata) VALUES ('1d3f468e-e8cc-4507-8eaf-9a1c77593ef1', '2a37e96d-4c19-4473-8d51-70f908ec492a', '10babf16-b20e-4299-acb4-d8795f371980', 'BUYER_CONFIRMED_DELIVERY', '{}') ON CONFLICT DO NOTHING;
INSERT INTO public.audit_logs (id, transaction_id, actor_id, action, metadata) VALUES ('8ec1478d-80a1-4429-93c4-e378ddeadc24', '327f3254-e32b-44ef-bd08-0c3728de4eb2', 'e7b37fe1-0561-4a94-8312-46c558516af0', 'TRANSACTION_CREATED', '{"amount":550000}') ON CONFLICT DO NOTHING;
INSERT INTO public.audit_logs (id, transaction_id, actor_id, action, metadata) VALUES ('e17eda95-d119-411c-81c7-3dc56db5487b', '327f3254-e32b-44ef-bd08-0c3728de4eb2', 'a2fe8e86-8779-485b-a000-1d378f6d1c76', 'TRANSACTION_ACCEPTED_BY_BUYER', '{}') ON CONFLICT DO NOTHING;
INSERT INTO public.audit_logs (id, transaction_id, actor_id, action, metadata) VALUES ('8cf91b2d-d67d-4ba0-afb1-7885a932a4ae', '327f3254-e32b-44ef-bd08-0c3728de4eb2', 'a2fe8e86-8779-485b-a000-1d378f6d1c76', 'PAYMENT_PROOF_UPLOADED', '{}') ON CONFLICT DO NOTHING;
INSERT INTO public.audit_logs (id, transaction_id, actor_id, action, metadata) VALUES ('2a97c169-ca81-410a-811d-684a0b763905', '327f3254-e32b-44ef-bd08-0c3728de4eb2', '00000000-0000-0000-0000-000000000001', 'PAYMENT_APPROVED_BY_ADMIN', '{}') ON CONFLICT DO NOTHING;
INSERT INTO public.audit_logs (id, transaction_id, actor_id, action, metadata) VALUES ('6394d0ed-69d6-4e80-a3fd-bef5f012e19d', '327f3254-e32b-44ef-bd08-0c3728de4eb2', 'e7b37fe1-0561-4a94-8312-46c558516af0', 'SELLER_DELIVERY_SUBMITTED', '{}') ON CONFLICT DO NOTHING;
INSERT INTO public.audit_logs (id, transaction_id, actor_id, action, metadata) VALUES ('360ec2b8-5217-4136-9ad1-b0684505c2d6', '327f3254-e32b-44ef-bd08-0c3728de4eb2', 'a2fe8e86-8779-485b-a000-1d378f6d1c76', 'BUYER_CONFIRMED_DELIVERY', '{}') ON CONFLICT DO NOTHING;
INSERT INTO public.audit_logs (id, transaction_id, actor_id, action, metadata) VALUES ('54019b9d-466f-4790-92f8-ba026835a294', 'a99dc739-45d3-4c6a-b43e-f2657401a7ce', 'ce818fe7-14dd-46d1-947b-6ddf45d33da6', 'TRANSACTION_CREATED', '{"amount":1300000}') ON CONFLICT DO NOTHING;
INSERT INTO public.audit_logs (id, transaction_id, actor_id, action, metadata) VALUES ('8e65a0da-8ee4-41ea-b187-89e1aeabed8c', 'a99dc739-45d3-4c6a-b43e-f2657401a7ce', '584b0a9c-cf2b-4425-8fb4-c399524f488b', 'TRANSACTION_ACCEPTED_BY_BUYER', '{}') ON CONFLICT DO NOTHING;
INSERT INTO public.audit_logs (id, transaction_id, actor_id, action, metadata) VALUES ('123d7093-7dae-4e66-9e27-b6847f7f360c', 'a99dc739-45d3-4c6a-b43e-f2657401a7ce', '584b0a9c-cf2b-4425-8fb4-c399524f488b', 'PAYMENT_PROOF_UPLOADED', '{}') ON CONFLICT DO NOTHING;
INSERT INTO public.audit_logs (id, transaction_id, actor_id, action, metadata) VALUES ('b816d3cf-3ee2-4d8a-b6e0-9c629907bed4', 'a99dc739-45d3-4c6a-b43e-f2657401a7ce', '00000000-0000-0000-0000-000000000001', 'PAYMENT_APPROVED_BY_ADMIN', '{}') ON CONFLICT DO NOTHING;
INSERT INTO public.audit_logs (id, transaction_id, actor_id, action, metadata) VALUES ('a5abd663-c6b5-4c6d-adde-5450a669d43f', 'a99dc739-45d3-4c6a-b43e-f2657401a7ce', 'ce818fe7-14dd-46d1-947b-6ddf45d33da6', 'SELLER_DELIVERY_SUBMITTED', '{}') ON CONFLICT DO NOTHING;
INSERT INTO public.audit_logs (id, transaction_id, actor_id, action, metadata) VALUES ('0b061cea-fb20-42f7-8ada-301031997ecd', 'a99dc739-45d3-4c6a-b43e-f2657401a7ce', '584b0a9c-cf2b-4425-8fb4-c399524f488b', 'BUYER_CONFIRMED_DELIVERY', '{}') ON CONFLICT DO NOTHING;
INSERT INTO public.audit_logs (id, transaction_id, actor_id, action, metadata) VALUES ('f01d15d9-101e-46fe-afc0-e7910a64c799', 'd684d584-be0a-488f-b302-ef9ce2e08aef', 'e7b37fe1-0561-4a94-8312-46c558516af0', 'TRANSACTION_CREATED', '{"amount":650000}') ON CONFLICT DO NOTHING;
INSERT INTO public.audit_logs (id, transaction_id, actor_id, action, metadata) VALUES ('1c6b12d4-72ab-4410-a452-d61b7caa12b9', 'd684d584-be0a-488f-b302-ef9ce2e08aef', 'b4a8a850-5260-4900-89d1-53ab91286d50', 'TRANSACTION_ACCEPTED_BY_BUYER', '{}') ON CONFLICT DO NOTHING;
